Precursor,Isotope Label Type,retention time,Max FWHM,Min Start Time,Max End Time,Total Area,Annotations,metric1,metric5
VLVLDTDYK,light,24.62,0.29,24.3,25.08,116034248,A,116034248,24.3
VLVLDTDYK,light,24.7,0.31,24.36,25.17,127339240,B,127339240,24.36
VLVLDTDYK,light,24.53,0.31,24.19,24.96,110745576,C,110745576,24.19
VLVLDTDYK,light,24.59,0.31,24.22,25.02,130619640,,130619640,24.22
VLVLDTDYK,light,24.62,0.3,24.27,25.05,113469472,,113469472,24.27
VLVLDTDYK,light,24.76,0.3,24.42,25.22,120836432,,120836432,24.42
VLVLDTDYK,light,24.79,0.3,24.45,25.25,130383616,,130383616,24.45
VLVLDTDYK,light,24.85,0.3,24.5,25.28,122144608,,122144608,24.5
VLVLDTDYK,light,24.82,0.29,24.47,25.28,126206200,,126206200,24.47
VLVLDTDYK,light,24.53,0.31,24.24,25.02,132010632,,132010632,24.24
VLVLDTDYK,light,24.53,0.31,24.19,24.96,133893448,,133893448,24.19
VLVLDTDYK,light,24.7,0.3,24.36,25.17,124086984,,124086984,24.36
VLVLDTDYK,light,24.85,0.3,24.47,25.28,128337680,,128337680,24.47
VLVLDTDYK,light,24.62,0.3,24.27,25.05,117667432,,117667432,24.27
VLVLDTDYK,light,24.53,0.29,24.19,24.96,121610568,,121610568,24.19
VLVLDTDYK,light,24.65,0.29,24.3,25.08,124035496,,124035496,24.3
VLVLDTDYK,light,24.7,0.3,24.36,25.14,123694048,,123694048,24.36
VLVLDTDYK,light,24.65,0.29,24.33,25.11,117995552,,117995552,24.33
VLVLDTDYK,light,24.88,0.3,24.56,25.34,113882032,,113882032,24.56
VLVLDTDYK,light,24.91,0.3,24.59,25.37,112369192,,112369192,24.59
VLVLDTDYK,light,24.82,0.29,24.5,25.28,108572992,,108572992,24.5
VLVLDTDYK,light,24.94,0.3,24.65,25.28,17096,,17096,24.65
VLVLDTDYK,light,24.73,0.29,24.39,25.17,114232536,,114232536,24.39
VLVLDTDYK,light,24.85,0.28,24.5,25.28,110165896,AA,110165896,24.5
VLVLDTDYK,light,24.88,0.27,24.56,25.31,119396328,BB,119396328,24.56
VLVLDTDYK,light,24.73,0.3,24.42,25.17,121705136,CC,121705136,24.42
VLVLDTDYK,light,24.76,0.3,24.42,25.22,106307968,,106307968,24.42
VLVLDTDYK,light,24.65,0.3,24.27,25.08,107107792,,107107792,24.27
VLVLDTDYK,light,24.59,0.3,24.24,25.02,104155072,,104155072,24.24
VLVLDTDYK,light,24.65,0.29,24.33,25.11,107286680,,107286680,24.33
VLVLDTDYK,light,24.85,0.3,24.53,25.31,118212120,,118212120,24.53
VLVLDTDYK,light,24.68,0.3,24.3,25.11,116528872,,116528872,24.3
VLVLDTDYK,light,24.68,0.3,24.36,25.14,110364800,,110364800,24.36
VLVLDTDYK,light,24.62,0.29,24.27,25.08,105226112,,105226112,24.27
VLVLDTDYK,light,24.76,0.29,24.42,25.19,112290400,,112290400,24.42
VLVLDTDYK,light,24.62,0.29,24.27,25.05,105977904,,105977904,24.27
VLVLDTDYK,light,24.7,0.3,24.36,25.17,124188336,AAA,124188336,24.36
VLVLDTDYK,light,24.76,0.32,24.39,25.22,101415736,BBB,,
VLVLDTDYK,light,24.76,0.31,24.36,25.17,101154816,CCC,,
VLVLDTDYK,light,24.65,0.3,24.3,25.08,102023224,,,
VLVLDTDYK,light,24.56,0.29,24.22,25.02,89610200,,,
VLVLDTDYK,light,24.59,0.3,24.22,24.99,93997712,,,
VLVLDTDYK,light,24.47,0.3,24.1,24.91,90727008,,,
VLVLDTDYK,light,24.59,0.31,24.27,25.08,99698832,,,
VLVLDTDYK,light,24.73,0.29,24.36,25.17,91007240,,,
VLVLDTDYK,light,24.47,0.3,24.1,24.91,90727008,,,
DGGIDPLVR,light,22.83,0.26,22.46,23.21,29848742,D,,
DGGIDPLVR,light,22.83,0.27,22.52,23.27,30046920,E,,
DGGIDPLVR,light,22.72,0.26,22.37,23.12,28826946,F,,
DGGIDPLVR,light,22.75,0.27,22.37,23.12,31871090,,,
DGGIDPLVR,light,22.78,0.28,22.4,23.18,29745404,,,
DGGIDPLVR,light,22.98,0.27,22.57,23.35,33090204,,,
DGGIDPLVR,light,22.95,0.27,22.6,23.35,32437554,,,
DGGIDPLVR,light,23.01,0.26,22.66,23.41,32072204,,,
DGGIDPLVR,light,23.03,0.27,22.66,23.41,32815172,,,
DGGIDPLVR,light,22.75,0.26,22.4,23.15,33779368,,,
DGGIDPLVR,light,22.72,0.29,22.34,23.12,34882600,,,
DGGIDPLVR,light,22.86,0.28,22.52,23.27,33084932,,,
DGGIDPLVR,light,22.98,0.26,22.63,23.41,34972104,,,
DGGIDPLVR,light,22.83,0.28,22.46,23.21,27064946,,,
DGGIDPLVR,light,22.75,0.27,22.37,23.12,27699456,,,
DGGIDPLVR,light,22.8,0.25,22.46,23.24,29321740,,,
DGGIDPLVR,light,22.89,0.28,22.55,23.29,28574646,,,
DGGIDPLVR,light,22.92,0.27,22.55,23.29,28624674,DD,,
DGGIDPLVR,light,23.12,0.26,22.75,23.5,26458728,EE,,
DGGIDPLVR,light,23.15,0.26,22.78,23.52,25558442,FF,,
DGGIDPLVR,light,23.06,0.26,22.69,23.44,25948516,,,
DGGIDPLVR,light,22.98,0.27,22.6,23.38,27211380,,,
DGGIDPLVR,light,23.09,0.28,22.69,23.44,25579962,,,
DGGIDPLVR,light,23.09,0.27,22.72,23.47,25740914,,,
DGGIDPLVR,light,22.98,0.27,22.6,23.35,30205978,,,
DGGIDPLVR,light,22.95,0.27,22.57,23.32,24858712,,,
DGGIDPLVR,light,22.8,0.28,22.43,23.21,25741174,,,
DGGIDPLVR,light,22.72,0.28,22.34,23.15,25471416,,,
DGGIDPLVR,light,22.86,0.26,22.49,23.27,25515072,,,
DGGIDPLVR,light,23.06,0.27,22.72,23.47,28085734,,,
DGGIDPLVR,light,22.86,0.29,22.49,23.27,27300512,,,
DGGIDPLVR,light,22.92,0.27,22.52,23.32,23546816,,,
DGGIDPLVR,light,22.8,0.28,22.4,23.21,24573502,,,
DGGIDPLVR,light,23.01,0.27,22.63,23.38,27006744,,,
DGGIDPLVR,light,22.86,0.27,22.49,23.24,23914046,,,
DGGIDPLVR,light,22.92,0.27,22.55,23.32,33827164,,,
DGGIDPLVR,light,22.89,0.26,22.52,23.29,23491120,,,
DGGIDPLVR,light,22.92,0.27,22.55,23.32,24354038,,,
DGGIDPLVR,light,22.89,0.26,22.52,23.27,23178182,,,
DGGIDPLVR,light,22.78,0.31,22.4,23.18,20715094,,,
DGGIDPLVR,light,22.78,0.29,22.37,23.18,21910024,DDD,,
DGGIDPLVR,light,22.72,0.27,22.34,23.12,21361528,EEE,,
DGGIDPLVR,light,22.8,0.28,22.4,23.21,25089674,FFF,,
DGGIDPLVR,light,22.92,0.28,22.55,23.29,21313348,,,
DGGIDPLVR,light,22.72,0.27,22.34,23.12,21361528,,,
GFCGLSQPK,light,20.18,0.23,19.9,20.53,13511653,G,,
GFCGLSQPK,light,20.21,0.24,19.87,20.56,12343345,H,,
GFCGLSQPK,light,20.16,0.24,19.87,20.53,13918548,I,,
GFCGLSQPK,light,20.18,0.24,19.87,20.53,12670380,,,
GFCGLSQPK,light,20.18,0.24,19.87,20.53,12354144,,,
GFCGLSQPK,light,20.27,0.25,19.95,20.62,11831322,,,
GFCGLSQPK,light,20.3,0.24,19.98,20.64,14190130,,,
GFCGLSQPK,light,20.33,0.23,20.01,20.67,12795981,,,
GFCGLSQPK,light,20.36,0.24,20.04,20.7,13881678,,,
GFCGLSQPK,light,20.21,0.24,19.87,20.53,16065849,,,
GFCGLSQPK,light,20.16,0.23,19.84,20.5,14384179,,,
GFCGLSQPK,light,20.21,0.24,19.9,20.56,14777372,,,
GFCGLSQPK,light,20.3,0.23,20.01,20.64,15537293,,,
GFCGLSQPK,light,20.24,0.24,19.92,20.59,12365088,,,
GFCGLSQPK,light,20.16,0.24,19.84,20.53,12025969,,,
GFCGLSQPK,light,20.18,0.22,19.87,20.53,13165036,,,
GFCGLSQPK,light,20.3,0.24,19.95,20.67,12540602,,,
GFCGLSQPK,light,20.33,0.24,20.04,20.7,12401450,,,
GFCGLSQPK,light,20.44,0.23,20.16,20.76,11406219,,,
GFCGLSQPK,light,20.5,0.23,20.18,20.88,11342306,,,
GFCGLSQPK,light,20.41,0.23,20.1,20.76,12117833,,,
GFCGLSQPK,light,20.39,0.24,20.1,20.76,12050439,,,
GFCGLSQPK,light,20.47,0.25,20.18,20.82,11140829,,,
GFCGLSQPK,light,20.47,0.23,20.18,20.82,11425248,,,
GFCGLSQPK,light,20.41,0.24,20.07,20.73,12604454,GG,,
GFCGLSQPK,light,20.3,0.23,20.01,20.67,11239238,HH,,
GFCGLSQPK,light,20.21,0.24,19.9,20.59,11970155,II,,
GFCGLSQPK,light,20.16,0.23,19.81,20.5,11223780,,,
GFCGLSQPK,light,20.24,0.24,19.95,20.62,11241448,,,
GFCGLSQPK,light,20.47,0.24,20.16,20.82,13292503,,,
GFCGLSQPK,light,20.33,0.25,20.01,20.64,12218146,,,
GFCGLSQPK,light,20.36,0.23,20.04,20.7,10650265,,,
GFCGLSQPK,light,20.18,0.24,19.9,20.56,11056073,,,
GFCGLSQPK,light,20.36,0.23,20.07,20.73,11778354,,,
GFCGLSQPK,light,20.27,0.26,19.95,20.64,10949925,,,
GFCGLSQPK,light,20.39,0.25,20.07,20.73,15387767,,,
GFCGLSQPK,light,20.39,0.23,20.07,20.73,10586422,,,
GFCGLSQPK,light,20.39,0.24,20.07,20.76,11421699,GGG,,
GFCGLSQPK,light,20.39,0.23,20.07,20.73,10802818,HHH,,
GFCGLSQPK,light,20.27,0.25,19.98,20.64,9090039,III,,
GFCGLSQPK,light,20.27,0.25,19.92,20.62,9739660,,,
GFCGLSQPK,light,20.16,0.24,19.87,20.53,9747864,,,
GFCGLSQPK,light,20.33,0.25,20.01,20.67,10999008,,,
GFCGLSQPK,light,20.41,0.23,20.07,20.76,10031835,,,
GFCGLSQPK,light,20.16,0.24,19.87,20.53,9747864,,,
VGPLLACLLGR,light,44.83,0.32,44.43,45.38,12932612,J,,
VGPLLACLLGR,light,44.86,0.34,44.4,45.41,12676495,K,,
VGPLLACLLGR,light,44.86,0.35,44.37,45.35,17017482,L,,
VGPLLACLLGR,light,44.95,0.41,44.37,45.38,9026942,,,
VGPLLACLLGR,light,44.83,0.33,44.4,45.35,10903818,,,
VGPLLACLLGR,light,44.98,0.32,44.54,45.46,12963137,,,
VGPLLACLLGR,light,44.95,0.33,44.49,45.46,16156410,,,
VGPLLACLLGR,light,45.03,0.34,44.54,45.49,15646699,,,
VGPLLACLLGR,light,45,0.33,44.51,45.44,15251151,,,
VGPLLACLLGR,light,45.03,0.22,44.49,45.38,5170961,,,
VGPLLACLLGR,light,44.8,0.33,44.37,45.35,13560157,,,
VGPLLACLLGR,light,44.92,0.34,44.46,45.46,14003584,,,
VGPLLACLLGR,light,45.03,0.34,44.57,45.52,18325534,,,
VGPLLACLLGR,light,44.89,0.3,44.43,45.55,5945211,,,
VGPLLACLLGR,light,44.83,0.34,44.37,45.35,19595658,JJ,,
VGPLLACLLGR,light,44.92,0.34,44.49,45.41,18806864,KK,,
VGPLLACLLGR,light,45.06,0.35,44.57,45.52,18246826,LL,,
VGPLLACLLGR,light,45,0.33,44.57,45.55,17973358,,,
VGPLLACLLGR,light,45.26,0.32,44.77,45.72,18271102,,,
VGPLLACLLGR,light,45.21,0.36,44.8,46.1,16449821,,,
VGPLLACLLGR,light,45.18,0.34,44.77,45.7,18293020,,,
VGPLLACLLGR,light,45.06,0.31,44.6,45.55,12821239,,,
VGPLLACLLGR,light,45.18,0.37,44.69,45.67,18844424,,,
VGPLLACLLGR,light,45.15,0.33,44.72,45.67,19422164,,,
VGPLLACLLGR,light,44.95,0.32,44.57,45.52,7484270,,,
VGPLLACLLGR,light,45,0.3,44.54,45.49,18325056,,,
VGPLLACLLGR,light,44.86,0.32,44.37,45.29,16771666,,,
VGPLLACLLGR,light,44.89,0.34,44.43,45.41,16148787,,,
VGPLLACLLGR,light,44.95,0.35,44.49,45.46,16673945,,,
VGPLLACLLGR,light,45.21,0.34,44.72,45.7,16748039,,,
VGPLLACLLGR,light,44.98,0.34,44.51,45.49,15895894,,,
VGPLLACLLGR,light,44.92,0.34,44.46,45.41,16809598,,,
VGPLLACLLGR,light,44.92,0.34,44.46,45.41,16885026,,,
VGPLLACLLGR,light,45.06,0.34,44.6,45.58,18747026,,,
VGPLLACLLGR,light,44.92,0.34,44.49,45.46,17830640,,,
VGPLLACLLGR,light,44.89,0.36,44.43,45.41,19913622,,,
VGPLLACLLGR,light,44.92,0.3,44.49,45.44,18286132,,,
VGPLLACLLGR,light,45,0.34,44.49,45.49,19219338,,,
VGPLLACLLGR,light,44.74,0.29,44.28,45.23,4693060,,,
VGPLLACLLGR,light,44.72,0.31,44.14,45.06,7855591,,,
VGPLLACLLGR,light,44.74,0.38,44.26,45.32,17421792,,,
VGPLLACLLGR,light,44.74,0.33,44.28,45.26,17186572,,,
VGPLLACLLGR,light,44.54,0.37,44.14,44.95,17341754,,,
VGPLLACLLGR,light,44.77,0.36,44.28,45.29,18684972,,,
VGPLLACLLGR,light,44.74,0.33,44.28,45.26,17186572,,,
VLDALDSIK,light,26.06,0.32,25.68,26.55,92635128,,,
VLDALDSIK,light,26.17,0.34,25.77,26.69,106719360,,,
VLDALDSIK,light,25.97,0.32,25.57,26.46,94026904,,,
VLDALDSIK,light,25.97,0.32,25.6,26.46,104814840,,,
VLDALDSIK,light,26,0.32,25.63,26.49,103366200,,,
VLDALDSIK,light,26.26,0.33,25.83,26.72,110789328,,,
VLDALDSIK,light,26.26,0.34,25.89,26.75,110077192,,,
VLDALDSIK,light,26.29,0.32,25.91,26.78,106313576,,,
VLDALDSIK,light,26.29,0.33,25.91,26.78,109422752,,,
VLDALDSIK,light,26,0.33,25.6,26.49,116613408,,,
VLDALDSIK,light,25.97,0.34,25.57,26.46,114428216,,,
VLDALDSIK,light,26.2,0.34,25.8,26.69,110902480,,,
VLDALDSIK,light,26.29,0.33,25.91,26.78,113318608,,,
VLDALDSIK,light,26.03,0.34,25.65,26.52,103102928,,,
VLDALDSIK,light,25.94,0.33,25.54,26.46,105340496,,,
VLDALDSIK,light,26.09,0.33,25.68,26.58,108161336,,,
VLDALDSIK,light,26.17,0.34,25.74,26.66,107697640,,,
VLDALDSIK,light,26.09,0.33,25.68,26.55,105283144,,,
VLDALDSIK,light,26.32,0.32,25.94,26.78,99372984,,,
VLDALDSIK,light,26.35,0.32,25.94,26.81,97776704,,,
VLDALDSIK,light,26.26,0.33,25.86,26.75,103575424,,,
VLDALDSIK,light,26.17,0.33,25.77,26.66,100293248,,,
VLDALDSIK,light,26.26,0.31,25.89,26.75,92191792,,,
VLDALDSIK,light,26.29,0.32,25.89,26.78,98454280,,,
VLDALDSIK,light,26.14,0.33,25.77,26.63,103911288,,,
VLDALDSIK,light,26.23,0.34,25.83,26.72,97569344,,,
VLDALDSIK,light,26.06,0.33,25.68,26.55,95908608,,,
VLDALDSIK,light,26.03,0.34,25.63,26.52,94607800,,,
VLDALDSIK,light,26.03,0.33,25.68,26.55,93581584,,,
VLDALDSIK,light,26.32,0.33,25.89,26.78,104721512,,,
VLDALDSIK,light,26.03,0.34,25.65,26.55,101839200,,,
VLDALDSIK,light,26.12,0.32,25.68,26.58,95659384,,,
VLDALDSIK,light,26.06,0.32,25.65,26.52,93910528,,,
VLDALDSIK,light,26.17,0.32,25.8,26.66,100441776,,,
VLDALDSIK,light,26.03,0.35,25.57,26.55,96219904,,,
VLDALDSIK,light,26.06,0.33,25.68,26.52,109971264,,,
VLDALDSIK,light,26.17,0.31,25.77,26.63,91463656,,,
VLDALDSIK,light,26.14,0.33,25.74,26.63,91764592,,,
VLDALDSIK,light,26.03,0.33,25.63,26.55,96162440,,,
VLDALDSIK,light,25.97,0.33,25.57,26.46,83011008,,,
VLDALDSIK,light,26,0.33,25.57,26.49,87121784,,,
VLDALDSIK,light,26,0.37,25.51,26.52,81892080,,,
VLDALDSIK,light,26,0.33,25.65,26.52,94019904,,,
VLDALDSIK,light,26.12,0.33,25.71,26.61,89711104,,,
VLDALDSIK,light,26,0.37,25.51,26.52,81892080,,,
YSTDVSVDEVK,light,19.15,0.18,18.92,19.38,21851572,,,
YSTDVSVDEVK,light,19.12,0.17,18.89,19.38,21101500,,,
YSTDVSVDEVK,light,19.09,0.17,18.89,19.38,21250248,,,
YSTDVSVDEVK,light,19.12,0.18,18.89,19.38,21811052,,,
YSTDVSVDEVK,light,19.12,0.17,18.89,19.38,20517460,,,
YSTDVSVDEVK,light,19.21,0.17,18.97,19.46,20241130,,,
YSTDVSVDEVK,light,19.23,0.18,19,19.49,22472950,,,
YSTDVSVDEVK,light,19.23,0.17,19,19.49,19460264,,,
YSTDVSVDEVK,light,19.26,0.18,19.03,19.55,22010022,,,
YSTDVSVDEVK,light,19.12,0.17,18.89,19.41,24260326,,,
YSTDVSVDEVK,light,19.06,0.17,18.86,19.35,22778116,,,
YSTDVSVDEVK,light,19.12,0.17,18.92,19.38,22801776,,,
YSTDVSVDEVK,light,19.26,0.17,19.03,19.52,22765222,,,
YSTDVSVDEVK,light,19.18,0.18,18.92,19.44,18550682,,,
YSTDVSVDEVK,light,19.09,0.18,18.86,19.35,17816968,,,
YSTDVSVDEVK,light,19.15,0.18,18.89,19.41,17332828,,,
YSTDVSVDEVK,light,19.21,0.18,18.97,19.49,18895580,,,
YSTDVSVDEVK,light,19.29,0.17,19.03,19.55,18061934,,,
YSTDVSVDEVK,light,19.38,0.18,19.15,19.64,17613008,,,
YSTDVSVDEVK,light,19.44,0.17,19.21,19.69,17415972,,,
YSTDVSVDEVK,light,19.35,0.17,19.09,19.64,17986750,,,
YSTDVSVDEVK,light,19.32,0.17,19.12,19.61,17054306,,,
YSTDVSVDEVK,light,19.44,0.17,19.21,19.69,16695092,,,
YSTDVSVDEVK,light,19.44,0.17,19.21,19.69,17043606,,,
YSTDVSVDEVK,light,19.32,0.17,19.12,19.61,18539452,,,
YSTDVSVDEVK,light,19.23,0.18,19,19.52,17026164,,,
YSTDVSVDEVK,light,19.12,0.17,18.89,19.38,17919724,,,
YSTDVSVDEVK,light,19.09,0.17,18.86,19.35,16762766,,,
YSTDVSVDEVK,light,19.18,0.18,18.95,19.46,16841998,,,
YSTDVSVDEVK,light,19.41,0.17,19.18,19.67,19821326,,,
YSTDVSVDEVK,light,19.26,0.16,19.03,19.55,17722586,,,
YSTDVSVDEVK,light,19.26,0.17,19.03,19.55,16787834,,,
YSTDVSVDEVK,light,19.18,0.17,18.92,19.44,16622039,,,
YSTDVSVDEVK,light,19.32,0.17,19.09,19.58,17917742,,,
YSTDVSVDEVK,light,19.21,0.17,18.97,19.49,16295414,,,
YSTDVSVDEVK,light,19.32,0.17,19.09,19.61,22306548,,,
YSTDVSVDEVK,light,19.32,0.17,19.09,19.58,16584431,,,
YSTDVSVDEVK,light,19.35,0.17,19.12,19.61,15530478,,,
YSTDVSVDEVK,light,19.35,0.17,19.09,19.61,16708505,,,
YSTDVSVDEVK,light,19.21,0.18,18.97,19.49,15208408,,,
YSTDVSVDEVK,light,19.18,0.18,18.95,19.46,15515972,,,
YSTDVSVDEVK,light,19.09,0.17,18.86,19.38,15603782,,,
YSTDVSVDEVK,light,19.26,0.17,19.03,19.55,16038252,,,
YSTDVSVDEVK,light,19.32,0.17,19.09,19.61,15825209,,,
YSTDVSVDEVK,light,19.09,0.17,18.86,19.38,15603782,,,
DDGSWEVIEGYR,light,32.22,0.31,31.82,32.74,9549161,,,
DDGSWEVIEGYR,light,32.36,0.31,31.9,32.82,9374093,,,
DDGSWEVIEGYR,light,32.22,0.31,31.73,32.8,8914831,,,
DDGSWEVIEGYR,light,32.25,0.31,31.82,32.74,9266010,,,
DDGSWEVIEGYR,light,32.19,0.32,31.76,32.71,9231106,,,
DDGSWEVIEGYR,light,32.36,0.32,31.93,32.8,8999456,,,
DDGSWEVIEGYR,light,32.36,0.32,31.99,32.94,9278970,,,
DDGSWEVIEGYR,light,32.42,0.3,32.02,32.85,9375931,,,
DDGSWEVIEGYR,light,32.39,0.31,31.99,32.91,9411762,,,
DDGSWEVIEGYR,light,32.28,0.33,31.87,32.8,10220166,,,
DDGSWEVIEGYR,light,32.22,0.32,31.79,32.77,10216019,,,
DDGSWEVIEGYR,light,32.31,0.31,31.9,32.8,10026738,,,
DDGSWEVIEGYR,light,32.39,0.32,31.93,32.94,10325209,,,
DDGSWEVIEGYR,light,32.31,0.33,31.87,32.85,5970713,,,
DDGSWEVIEGYR,light,32.22,0.31,31.79,32.74,10046410,,,
DDGSWEVIEGYR,light,32.28,0.32,31.87,32.77,9268786,,,
DDGSWEVIEGYR,light,32.42,0.31,31.96,32.88,10052631,,,
DDGSWEVIEGYR,light,32.19,0.33,31.82,32.74,9694325,,,
DDGSWEVIEGYR,light,32.39,0.31,31.96,32.88,9297556,,,
DDGSWEVIEGYR,light,32.39,0.3,31.96,32.82,9008971,,,
DDGSWEVIEGYR,light,32.31,0.32,31.85,32.88,9329685,,,
DDGSWEVIEGYR,light,32.36,0.32,31.9,32.88,9929021,,,
DDGSWEVIEGYR,light,32.42,0.27,31.99,32.85,8588484,,,
DDGSWEVIEGYR,light,32.39,0.32,31.93,32.94,9018734,,,
DDGSWEVIEGYR,light,32.39,0.32,31.96,33.05,9859692,,,
DDGSWEVIEGYR,light,32.48,0.33,32.08,33.03,9007235,,,
DDGSWEVIEGYR,light,32.31,0.33,31.87,32.85,9143317,,,
DDGSWEVIEGYR,light,32.31,0.31,31.9,32.91,8814326,,,
DDGSWEVIEGYR,light,32.25,0.34,31.87,32.82,8741610,,,
DDGSWEVIEGYR,light,32.51,0.32,32.1,33.05,9670456,,,
DDGSWEVIEGYR,light,32.33,0.33,31.9,32.91,9916667,,,
DDGSWEVIEGYR,light,32.42,0.34,31.96,32.91,9319733,,,
DDGSWEVIEGYR,light,32.31,0.32,31.87,32.82,8950063,,,
DDGSWEVIEGYR,light,32.31,0.33,32.02,32.88,10275312,,,
DDGSWEVIEGYR,light,32.36,0.33,31.93,32.88,9093838,,,
DDGSWEVIEGYR,light,32.28,0.33,31.82,32.77,10509270,,,
DDGSWEVIEGYR,light,32.48,0.31,32.05,33,9022718,,,
DDGSWEVIEGYR,light,32.45,0.32,31.99,32.97,8872385,,,
DDGSWEVIEGYR,light,32.25,0.32,31.87,32.88,3094143,,,
DDGSWEVIEGYR,light,32.28,0.31,31.87,32.8,6027759,,,
DDGSWEVIEGYR,light,32.28,0.34,31.82,32.88,10162955,,,
DDGSWEVIEGYR,light,32.28,0.33,31.85,32.74,9207520,,,
DDGSWEVIEGYR,light,32.36,0.35,31.9,32.91,9794675,,,
DDGSWEVIEGYR,light,32.42,0.35,31.96,33.08,9626232,,,
DDGSWEVIEGYR,light,32.28,0.33,31.85,32.74,9207520,,,
CAVVDVPFGGAK,light,28.71,0.32,28.33,29.2,49242744,,,
CAVVDVPFGGAK,light,28.82,0.3,28.45,29.31,53316212,,,
CAVVDVPFGGAK,light,28.59,0.32,28.19,29.08,50248552,,,
CAVVDVPFGGAK,light,28.59,0.32,28.19,29.11,53865896,,,
CAVVDVPFGGAK,light,28.62,0.31,28.28,29.14,49522952,,,
CAVVDVPFGGAK,light,28.88,0.31,28.48,29.37,52744208,,,
CAVVDVPFGGAK,light,28.94,0.31,28.56,29.43,55682864,,,
CAVVDVPFGGAK,light,28.97,0.31,28.59,29.46,54087272,,,
CAVVDVPFGGAK,light,28.97,0.31,28.59,29.46,55412556,,,
CAVVDVPFGGAK,light,28.59,0.33,28.22,29.11,57255724,,,
CAVVDVPFGGAK,light,28.62,0.31,28.22,29.11,59493864,,,
CAVVDVPFGGAK,light,28.85,0.31,28.45,29.34,57221276,,,
CAVVDVPFGGAK,light,28.97,0.32,28.56,29.43,57336808,,,
CAVVDVPFGGAK,light,28.65,0.32,28.28,29.2,56001296,,,
CAVVDVPFGGAK,light,28.59,0.31,28.16,29.05,58529760,,,
CAVVDVPFGGAK,light,28.74,0.32,28.36,29.23,53813416,,,
CAVVDVPFGGAK,light,28.88,0.31,28.45,29.37,59258344,,,
CAVVDVPFGGAK,light,28.68,0.32,28.28,29.14,57026376,,,
CAVVDVPFGGAK,light,28.97,0.31,28.56,29.43,52837208,,,
CAVVDVPFGGAK,light,28.94,0.32,28.56,29.43,52615028,,,
CAVVDVPFGGAK,light,28.91,0.31,28.51,29.37,52164624,,,
CAVVDVPFGGAK,light,28.76,0.31,28.39,29.28,51825692,,,
CAVVDVPFGGAK,light,28.91,0.23,28.51,29.37,41090540,,,
CAVVDVPFGGAK,light,28.94,0.32,28.53,29.43,50729652,,,
CAVVDVPFGGAK,light,28.79,0.33,28.42,29.31,54408544,,,
CAVVDVPFGGAK,light,28.94,0.32,28.51,29.4,49490488,,,
CAVVDVPFGGAK,light,28.74,0.32,28.33,29.23,49279024,,,
CAVVDVPFGGAK,light,28.74,0.32,28.33,29.23,48145048,,,
CAVVDVPFGGAK,light,28.68,0.3,28.3,29.17,48558064,,,
CAVVDVPFGGAK,light,28.94,0.31,28.53,29.43,52650696,,,
CAVVDVPFGGAK,light,28.71,0.32,28.3,29.17,53189988,,,
CAVVDVPFGGAK,light,28.76,0.32,28.36,29.28,49377368,,,
CAVVDVPFGGAK,light,28.68,0.31,28.28,29.17,48503924,,,
CAVVDVPFGGAK,light,28.79,0.31,28.45,29.31,47591744,,,
CAVVDVPFGGAK,light,28.71,0.31,28.3,29.2,49079208,,,
CAVVDVPFGGAK,light,28.76,0.31,28.39,29.25,55474500,,,
CAVVDVPFGGAK,light,28.74,0.32,28.36,29.28,46940704,,,
CAVVDVPFGGAK,light,28.82,0.32,28.42,29.31,48237704,,,
CAVVDVPFGGAK,light,28.74,0.32,28.3,29.2,50105088,,,
CAVVDVPFGGAK,light,28.62,0.32,28.22,29.11,47395172,,,
CAVVDVPFGGAK,light,28.71,0.32,28.28,29.2,48542608,,,
CAVVDVPFGGAK,light,28.65,0.33,28.25,29.14,47387812,,,
CAVVDVPFGGAK,light,28.68,0.31,28.25,29.14,51877956,,,
CAVVDVPFGGAK,light,28.79,0.32,28.39,29.31,48570416,,,
CAVVDVPFGGAK,light,28.65,0.33,28.25,29.14,47387812,,,
YNLGLDLR,light,29.02,0.32,28.62,29.48,47565116,,,
YNLGLDLR,light,29.14,0.31,28.76,29.63,50889488,,,
YNLGLDLR,light,28.94,0.3,28.53,29.4,47268156,,,
YNLGLDLR,light,28.97,0.32,28.53,29.43,50508736,,,
YNLGLDLR,light,28.97,0.31,28.56,29.43,47339040,,,
YNLGLDLR,light,29.17,0.29,28.76,29.63,50999652,,,
YNLGLDLR,light,29.25,0.32,28.82,29.69,54561540,,,
YNLGLDLR,light,29.25,0.3,28.85,29.69,52215216,,,
YNLGLDLR,light,29.25,0.31,28.85,29.69,53171044,,,
YNLGLDLR,light,28.97,0.32,28.53,29.46,54546592,,,
YNLGLDLR,light,28.94,0.32,28.56,29.46,55502704,,,
YNLGLDLR,light,29.14,0.32,28.74,29.6,52665328,,,
YNLGLDLR,light,29.2,0.31,28.82,29.66,53479156,,,
YNLGLDLR,light,29.02,0.32,28.59,29.48,54855380,,,
YNLGLDLR,light,28.88,0.32,28.48,29.37,55549804,,,
YNLGLDLR,light,29.11,0.14,28.94,29.54,28049004,,,
YNLGLDLR,light,29.14,0.32,28.76,29.66,56087748,,,
YNLGLDLR,light,28.99,0.31,28.59,29.46,54754120,,,
YNLGLDLR,light,29.17,0.32,28.82,29.66,48846956,,,
YNLGLDLR,light,29.23,0.31,28.82,29.69,48320296,,,
YNLGLDLR,light,29.17,0.3,28.76,29.63,47552868,,,
YNLGLDLR,light,29.08,0.31,28.68,29.54,51858776,,,
YNLGLDLR,light,29.17,0.3,28.79,29.66,40826248,,,
YNLGLDLR,light,29.23,0.31,28.79,29.66,51997700,,,
YNLGLDLR,light,29.14,0.31,28.71,29.6,52684888,,,
YNLGLDLR,light,29.25,0.32,28.82,29.69,47110904,,,
YNLGLDLR,light,29.05,0.32,28.65,29.51,45807772,,,
YNLGLDLR,light,29.05,0.32,28.65,29.51,44459732,,,
YNLGLDLR,light,28.99,0.32,28.59,29.48,44277688,,,
YNLGLDLR,light,29.2,0.32,28.79,29.66,48555992,,,
YNLGLDLR,light,28.99,0.3,28.62,29.48,49869140,,,
YNLGLDLR,light,29.08,0.33,28.68,29.57,45105112,,,
YNLGLDLR,light,28.97,0.31,28.56,29.46,43973156,,,
YNLGLDLR,light,29.08,0.33,28.68,29.54,42260744,,,
YNLGLDLR,light,29.05,0.31,28.65,29.51,47481156,,,
YNLGLDLR,light,29.05,0.31,28.65,29.51,53010768,,,
YNLGLDLR,light,29.11,0.31,28.71,29.57,46568012,,,
YNLGLDLR,light,29.11,0.33,28.74,29.63,44576124,,,
YNLGLDLR,light,28.99,0.32,28.62,29.48,45806668,,,
YNLGLDLR,light,28.94,0.3,28.53,29.43,42066520,,,
YNLGLDLR,light,29.02,0.32,28.62,29.48,43763492,,,
YNLGLDLR,light,28.94,0.32,28.53,29.43,40621100,,,
YNLGLDLR,light,28.97,0.31,28.56,29.46,47645504,,,
YNLGLDLR,light,29.11,0.33,28.68,29.6,43087184,,,
YNLGLDLR,light,28.94,0.32,28.53,29.43,40621100,,,
TAAYVNAIEK,light,18.83,0.18,18.6,19.09,22469756,,,
TAAYVNAIEK,light,18.8,0.19,18.57,19.09,20801496,,,
TAAYVNAIEK,light,18.77,0.18,18.57,19.06,21277462,,,
TAAYVNAIEK,light,18.8,0.18,18.57,19.09,22276154,,,
TAAYVNAIEK,light,18.83,0.18,18.57,19.09,20757862,,,
TAAYVNAIEK,light,18.89,0.18,18.66,19.15,19974534,,,
TAAYVNAIEK,light,18.92,0.18,18.69,19.21,22473632,,,
TAAYVNAIEK,light,18.92,0.19,18.66,19.21,19872132,,,
TAAYVNAIEK,light,18.95,0.18,18.69,19.23,22454624,,,
TAAYVNAIEK,light,18.8,0.19,18.57,19.09,25403110,,,
TAAYVNAIEK,light,18.77,0.17,18.54,19.06,23309964,,,
TAAYVNAIEK,light,18.83,0.18,18.57,19.09,23380190,,,
TAAYVNAIEK,light,18.95,0.18,18.69,19.21,25383470,,,
TAAYVNAIEK,light,18.83,0.18,18.63,19.15,17498160,,,
TAAYVNAIEK,light,18.8,0.18,18.57,19.06,17537014,,,
TAAYVNAIEK,light,18.8,0.18,18.57,19.09,17590592,,,
TAAYVNAIEK,light,18.92,0.18,18.66,19.18,18750984,,,
TAAYVNAIEK,light,18.95,0.18,18.69,19.23,18208142,,,
TAAYVNAIEK,light,19.03,0.19,18.77,19.32,17164326,,,
TAAYVNAIEK,light,19.09,0.19,18.83,19.41,16827750,,,
TAAYVNAIEK,light,19.03,0.18,18.77,19.29,16988170,,,
TAAYVNAIEK,light,19.03,0.18,18.77,19.29,17246188,,,
TAAYVNAIEK,light,19.09,0.19,18.83,19.38,16582814,,,
TAAYVNAIEK,light,19.12,0.19,18.86,19.38,16784982,,,
TAAYVNAIEK,light,19,0.18,18.77,19.29,19404280,,,
TAAYVNAIEK,light,18.92,0.2,18.69,19.21,16378398,,,
TAAYVNAIEK,light,18.83,0.17,18.57,19.09,18370032,,,
TAAYVNAIEK,light,18.77,0.18,18.57,19.09,16335503,,,
TAAYVNAIEK,light,18.89,0.18,18.63,19.15,16325609,,,
TAAYVNAIEK,light,19.06,0.18,18.83,19.35,20101394,,,
TAAYVNAIEK,light,18.95,0.18,18.72,19.23,17350998,,,
TAAYVNAIEK,light,18.95,0.18,18.72,19.26,16200558,,,
TAAYVNAIEK,light,18.86,0.18,18.63,19.15,15761375,,,
TAAYVNAIEK,light,19,0.18,18.77,19.29,17997186,,,
TAAYVNAIEK,light,18.92,0.18,18.66,19.18,16008599,,,
TAAYVNAIEK,light,19,0.18,18.77,19.29,23803366,,,
TAAYVNAIEK,light,18.97,0.19,18.74,19.29,15193115,,,
TAAYVNAIEK,light,19,0.19,18.77,19.29,14667130,,,
TAAYVNAIEK,light,19.03,0.19,18.77,19.29,15078939,,,
TAAYVNAIEK,light,18.89,0.19,18.66,19.21,13078115,,,
TAAYVNAIEK,light,18.86,0.18,18.63,19.15,14058698,,,
TAAYVNAIEK,light,18.77,0.19,18.51,19.06,14112184,,,
TAAYVNAIEK,light,18.95,0.19,18.72,19.23,14511279,,,
TAAYVNAIEK,light,19,0.18,18.77,19.29,13803443,,,
TAAYVNAIEK,light,18.77,0.19,18.51,19.06,14112184,,,
FFVAPFPEVFGK,light,46.88,0.34,46.5,47.39,45602760,,,
FFVAPFPEVFGK,light,46.93,0.27,46.47,47.37,35566560,,,
FFVAPFPEVFGK,light,46.88,0.35,46.47,47.42,75932680,,,
FFVAPFPEVFGK,light,46.93,0.35,46.53,47.39,42728132,,,
FFVAPFPEVFGK,light,46.9,0.33,46.5,47.48,45227956,,,
FFVAPFPEVFGK,light,47.02,0.31,46.67,47.6,47571544,,,
FFVAPFPEVFGK,light,47.05,0.31,46.67,47.6,50785204,,,
FFVAPFPEVFGK,light,47.11,0.35,46.7,47.65,75423552,,,
FFVAPFPEVFGK,light,47.05,0.35,46.67,47.62,73847400,,,
FFVAPFPEVFGK,light,46.96,0.25,46.53,47.42,47423436,,,
FFVAPFPEVFGK,light,46.88,0.34,46.44,47.48,69410504,,,
FFVAPFPEVFGK,light,46.99,0.36,46.65,47.62,70255936,,,
FFVAPFPEVFGK,light,47.02,0.35,46.65,47.57,80757984,,,
FFVAPFPEVFGK,light,46.93,0.37,46.5,47.51,47260480,,,
FFVAPFPEVFGK,light,46.93,0.35,46.47,47.42,39373060,,,
FFVAPFPEVFGK,light,46.99,0.32,46.59,47.48,32859368,,,
FFVAPFPEVFGK,light,46.93,0.12,46.73,47.54,43599904,,,
FFVAPFPEVFGK,light,46.96,0.34,46.62,47.51,73333680,,,
FFVAPFPEVFGK,light,47.25,0.32,46.9,47.8,76762160,,,
FFVAPFPEVFGK,light,47.19,0.24,46.85,47.62,42682680,,,
FFVAPFPEVFGK,light,47.25,0.3,46.82,47.74,71248608,,,
FFVAPFPEVFGK,light,47.08,0.34,46.67,47.65,56699476,,,
FFVAPFPEVFGK,light,47.16,0.33,46.79,47.71,63796324,,,
FFVAPFPEVFGK,light,47.13,0.34,46.76,47.71,71346672,,,
FFVAPFPEVFGK,light,47.05,0.33,46.65,47.6,47421712,,,
FFVAPFPEVFGK,light,46.99,0.35,46.59,47.54,70973552,,,
FFVAPFPEVFGK,light,46.85,0.37,46.41,47.37,68644464,,,
FFVAPFPEVFGK,light,46.93,0.34,46.53,47.48,67139888,,,
FFVAPFPEVFGK,light,46.96,0.34,46.56,47.51,67550632,,,
FFVAPFPEVFGK,light,47.16,0.35,46.79,47.74,71082264,,,
FFVAPFPEVFGK,light,46.93,0.33,46.56,47.42,70535776,,,
FFVAPFPEVFGK,light,46.88,0.34,46.47,47.42,70486664,,,
FFVAPFPEVFGK,light,46.9,0.36,46.5,47.45,69651080,,,
FFVAPFPEVFGK,light,47.05,0.34,46.67,47.6,72288080,,,
FFVAPFPEVFGK,light,46.85,0.17,46.53,47.39,78471160,,,
FFVAPFPEVFGK,light,46.99,0.37,46.33,47.65,50479840,,,
FFVAPFPEVFGK,light,46.9,0.36,46.53,47.51,83416896,,,
FFVAPFPEVFGK,light,46.9,0.34,46.53,47.48,84028200,,,
FFVAPFPEVFGK,light,46.56,0.36,46.24,47.22,20989790,,,
FFVAPFPEVFGK,light,46.53,0.29,46.1,47.13,28105220,,,
FFVAPFPEVFGK,light,46.76,0.35,46.36,47.34,84887984,,,
FFVAPFPEVFGK,light,46.7,0.35,46.3,47.25,79135544,,,
FFVAPFPEVFGK,light,46.53,0.35,46.13,47.13,51411076,,,
FFVAPFPEVFGK,light,46.67,0.33,46.33,47.37,89583888,,,
FFVAPFPEVFGK,light,46.7,0.35,46.3,47.25,79135544,,,
LVNELTEFAK,light,28.68,0.3,28.33,29.17,40363576,,,
LVNELTEFAK,light,28.88,0.3,28.48,29.31,43190632,,,
LVNELTEFAK,light,28.62,0.32,28.25,29.08,40822232,,,
LVNELTEFAK,light,28.62,0.31,28.25,29.11,43657352,,,
LVNELTEFAK,light,28.62,0.29,28.28,29.11,40067388,,,
LVNELTEFAK,light,28.82,0.29,28.48,29.31,42874936,,,
LVNELTEFAK,light,28.91,0.28,28.56,29.34,45013228,,,
LVNELTEFAK,light,28.94,0.28,28.56,29.4,44163372,,,
LVNELTEFAK,light,28.94,0.28,28.56,29.37,45967696,,,
LVNELTEFAK,light,28.62,0.31,28.25,29.11,46141360,,,
LVNELTEFAK,light,28.65,0.3,28.28,29.11,48161972,,,
LVNELTEFAK,light,28.82,0.29,28.48,29.28,45880828,,,
LVNELTEFAK,light,28.88,0.29,28.53,29.34,47202576,,,
LVNELTEFAK,light,28.68,0.3,28.3,29.17,45937724,,,
LVNELTEFAK,light,28.56,0.3,28.19,29.05,48259556,,,
LVNELTEFAK,light,28.71,0.31,28.36,29.23,45065240,,,
LVNELTEFAK,light,28.85,0.29,28.48,29.31,48351600,,,
LVNELTEFAK,light,28.65,0.3,28.3,29.11,46933792,,,
LVNELTEFAK,light,28.88,0.28,28.53,29.34,43224764,,,
LVNELTEFAK,light,28.88,0.28,28.53,29.34,41909456,,,
LVNELTEFAK,light,28.82,0.29,28.48,29.28,42780724,,,
LVNELTEFAK,light,28.74,0.29,28.42,29.23,42252344,,,
LVNELTEFAK,light,28.88,0.26,28.51,29.31,34139080,,,
LVNELTEFAK,light,28.85,0.29,28.51,29.31,41328748,,,
LVNELTEFAK,light,28.76,0.3,28.42,29.25,43869272,,,
LVNELTEFAK,light,28.88,0.31,28.53,29.4,39852424,,,
LVNELTEFAK,light,28.71,0.29,28.36,29.2,39490736,,,
LVNELTEFAK,light,28.74,0.3,28.36,29.2,38696400,,,
LVNELTEFAK,light,28.68,0.3,28.3,29.14,39268380,,,
LVNELTEFAK,light,28.85,0.29,28.51,29.37,42755340,,,
LVNELTEFAK,light,28.65,0.3,28.3,29.14,42633888,,,
LVNELTEFAK,light,28.74,0.3,28.39,29.23,39866336,,,
LVNELTEFAK,light,28.62,0.29,28.28,29.08,39312420,,,
LVNELTEFAK,light,28.74,0.28,28.39,29.2,38232480,,,
LVNELTEFAK,light,28.71,0.3,28.36,29.2,39055440,,,
LVNELTEFAK,light,28.74,0.27,28.39,29.17,43548408,,,
LVNELTEFAK,light,28.76,0.3,28.39,29.23,37275480,,,
LVNELTEFAK,light,28.79,0.29,28.42,29.28,38629384,,,
LVNELTEFAK,light,28.71,0.31,28.33,29.17,37940116,,,
LVNELTEFAK,light,28.59,0.3,28.25,29.11,36746184,,,
LVNELTEFAK,light,28.71,0.3,28.33,29.17,37946336,,,
LVNELTEFAK,light,28.62,0.3,28.25,29.05,36705236,,,
LVNELTEFAK,light,28.62,0.29,28.28,29.08,40302616,,,
LVNELTEFAK,light,28.74,0.29,28.39,29.23,37338612,,,
LVNELTEFAK,light,28.62,0.3,28.25,29.05,36705236,,,
SLHTLFGDELCK,light,30.03,0.31,29.69,30.58,3192631,,,
SLHTLFGDELCK,light,30.2,0.27,29.8,30.64,3874242,,,
SLHTLFGDELCK,light,29.95,0.29,29.6,30.55,3235056,,,
SLHTLFGDELCK,light,30.03,0.29,29.6,30.52,3860399,,,
SLHTLFGDELCK,light,30,0.31,29.63,30.49,3942028,,,
SLHTLFGDELCK,light,30.18,0.29,29.8,30.64,4442319,,,
SLHTLFGDELCK,light,30.2,0.3,29.86,30.75,4563974,,,
SLHTLFGDELCK,light,30.23,0.3,29.86,30.75,4204363,,,
SLHTLFGDELCK,light,30.18,0.31,29.83,30.72,4313811,,,
SLHTLFGDELCK,light,30.03,0.33,29.6,30.55,4396234,,,
SLHTLFGDELCK,light,30.03,0.32,29.6,30.55,4219552,,,
SLHTLFGDELCK,light,30.12,0.31,29.77,30.72,4420415,,,
SLHTLFGDELCK,light,30.18,0.32,29.8,30.64,4450810,,,
SLHTLFGDELCK,light,30.09,0.34,29.69,30.64,3770802,,,
SLHTLFGDELCK,light,29.97,0.33,29.57,30.46,3921131,,,
SLHTLFGDELCK,light,30.12,0.3,29.69,30.55,4117603,,,
SLHTLFGDELCK,light,30.2,0.32,29.77,30.75,3925362,,,
SLHTLFGDELCK,light,30,0.31,29.63,30.46,3530390,,,
SLHTLFGDELCK,light,30.12,0.34,29.71,30.66,3762071,,,
SLHTLFGDELCK,light,30.18,0.32,29.77,30.64,3525555,,,
SLHTLFGDELCK,light,30.15,0.31,29.74,30.64,3657020,,,
SLHTLFGDELCK,light,30.06,0.31,29.63,30.55,3808553,,,
SLHTLFGDELCK,light,30.2,0.27,29.71,30.66,3363819,,,
SLHTLFGDELCK,light,30.2,0.32,29.8,30.61,3378239,,,
SLHTLFGDELCK,light,30.18,0.3,29.69,30.61,3892884,,,
SLHTLFGDELCK,light,30.23,0.31,29.95,30.72,3749205,,,
SLHTLFGDELCK,light,30.09,0.31,29.69,30.55,3671362,,,
SLHTLFGDELCK,light,30.12,0.31,29.69,30.58,3610106,,,
SLHTLFGDELCK,light,30,0.33,29.57,30.46,3454891,,,
SLHTLFGDELCK,light,30.2,0.32,29.8,30.72,3953253,,,
SLHTLFGDELCK,light,30.06,0.32,29.54,30.52,3813025,,,
SLHTLFGDELCK,light,30.12,0.31,29.74,30.55,3723398,,,
SLHTLFGDELCK,light,30,0.33,29.57,30.43,3721141,,,
SLHTLFGDELCK,light,30.03,0.31,29.66,30.52,3606543,,,
SLHTLFGDELCK,light,30.06,0.31,29.69,30.49,3868520,,,
SLHTLFGDELCK,light,30.03,0.32,29.6,30.55,4479787,,,
SLHTLFGDELCK,light,30.09,0.35,29.69,30.61,4052114,,,
SLHTLFGDELCK,light,30.18,0.31,29.74,30.64,3875453,,,
SLHTLFGDELCK,light,30,0.31,29.63,30.52,4071564,,,
SLHTLFGDELCK,light,29.97,0.31,29.54,30.41,3844415,,,
SLHTLFGDELCK,light,30.06,0.3,29.66,30.46,4146681,,,
SLHTLFGDELCK,light,29.92,0.32,29.54,30.41,4143349,,,
SLHTLFGDELCK,light,29.95,0.32,29.57,30.41,4061368,,,
SLHTLFGDELCK,light,30.15,0.32,29.69,30.61,4508453,,,
SLHTLFGDELCK,light,29.92,0.32,29.54,30.41,4143349,,,
YNGVFQECCQAEDK,light,22.2,0.34,21.8,22.6,608236,,,
YNGVFQECCQAEDK,light,22.26,0.3,21.8,22.63,632697,,,
YNGVFQECCQAEDK,light,22.17,0.28,21.62,22.75,637093,,,
YNGVFQECCQAEDK,light,22.26,0.34,21.6,22.66,656184,,,
YNGVFQECCQAEDK,light,22.14,0.27,21.65,22.63,637619,,,
YNGVFQECCQAEDK,light,22.34,0.27,21.91,22.72,631574,,,
YNGVFQECCQAEDK,light,22.37,0.28,22,22.72,666468,,,
YNGVFQECCQAEDK,light,22.37,0.28,22,22.75,641153,,,
YNGVFQECCQAEDK,light,22.4,0.27,22.03,22.78,634975,,,
YNGVFQECCQAEDK,light,22.23,0.27,21.83,22.57,752396,,,
YNGVFQECCQAEDK,light,22.17,0.27,21.77,22.52,721157,,,
YNGVFQECCQAEDK,light,22.29,0.26,21.83,22.69,688804,,,
YNGVFQECCQAEDK,light,22.4,0.29,22,22.78,708370,,,
YNGVFQECCQAEDK,light,22.23,0.27,21.83,22.66,629359,,,
YNGVFQECCQAEDK,light,22.2,0.26,21.83,22.55,587367,,,
YNGVFQECCQAEDK,light,22.14,0.3,21.77,22.72,574455,,,
YNGVFQECCQAEDK,light,22.29,0.29,21.94,22.69,630020,,,
YNGVFQECCQAEDK,light,22.34,0.27,21.94,22.75,562752,,,
YNGVFQECCQAEDK,light,22.43,0.29,22.03,22.78,584172,,,
YNGVFQECCQAEDK,light,22.52,0.27,22.08,23.03,593320,,,
YNGVFQECCQAEDK,light,22.43,0.26,22.06,22.86,591389,,,
YNGVFQECCQAEDK,light,22.4,0.27,21.97,22.8,579418,,,
YNGVFQECCQAEDK,light,22.52,0.26,22.17,22.92,560680,,,
YNGVFQECCQAEDK,light,22.43,0.29,22.14,22.8,553115,,,
YNGVFQECCQAEDK,light,22.37,0.26,21.85,22.75,592944,,,
YNGVFQECCQAEDK,light,22.37,0.28,22.03,22.78,525362,,,
YNGVFQECCQAEDK,light,22.26,0.28,21.83,22.63,518245,,,
YNGVFQECCQAEDK,light,22.14,0.26,21.74,22.55,486621,,,
YNGVFQECCQAEDK,light,22.29,0.28,21.8,22.72,486848,,,
YNGVFQECCQAEDK,light,22.49,0.26,21.94,22.92,574323,,,
YNGVFQECCQAEDK,light,22.34,0.29,21.94,22.75,552337,,,
YNGVFQECCQAEDK,light,22.37,0.28,21.91,22.89,559163,,,
YNGVFQECCQAEDK,light,22.26,0.27,21.74,22.69,522081,,,
YNGVFQECCQAEDK,light,22.34,0.27,21.88,22.78,549627,,,
YNGVFQECCQAEDK,light,22.4,0.23,21.91,22.78,485811,,,
YNGVFQECCQAEDK,light,22.4,0.24,21.88,22.83,564470,,,
YNGVFQECCQAEDK,light,22.37,0.29,22.03,22.83,490077,,,
YNGVFQECCQAEDK,light,22.43,0.26,21.88,22.86,513273,,,
YNGVFQECCQAEDK,light,22.37,0.27,22.08,22.83,483568,,,
YNGVFQECCQAEDK,light,22.31,0.27,21.8,22.78,471069,,,
YNGVFQECCQAEDK,light,22.2,0.28,21.83,22.78,496039,,,
YNGVFQECCQAEDK,light,22.2,0.26,21.77,22.69,509139,,,
YNGVFQECCQAEDK,light,22.23,0.27,21.85,22.63,508188,,,
YNGVFQECCQAEDK,light,22.34,0.28,21.91,22.8,472083,,,
YNGVFQECCQAEDK,light,22.2,0.26,21.77,22.69,509139,,,
HLVDEPQNLIK,light,21.34,0.23,21.05,21.68,4917036,,,
HLVDEPQNLIK,light,21.39,0.25,21.13,21.74,5191966,,,
HLVDEPQNLIK,light,21.28,0.22,20.99,21.59,5543847,,,
HLVDEPQNLIK,light,21.28,0.22,21.02,21.68,5074872,,,
HLVDEPQNLIK,light,21.34,0.23,21.02,21.65,5219599,,,
HLVDEPQNLIK,light,21.45,0.25,21.16,21.8,5288635,,,
HLVDEPQNLIK,light,21.54,0.23,21.25,21.88,5611004,,,
HLVDEPQNLIK,light,21.54,0.23,21.28,21.97,5546785,,,
HLVDEPQNLIK,light,21.57,0.23,21.34,21.97,5584431,,,
HLVDEPQNLIK,light,21.28,0.23,21.02,21.65,5820689,,,
HLVDEPQNLIK,light,21.19,0.24,20.96,21.59,5891295,,,
HLVDEPQNLIK,light,21.42,0.24,21.13,21.8,5619186,,,
HLVDEPQNLIK,light,21.54,0.25,21.25,21.91,6020554,,,
HLVDEPQNLIK,light,21.36,0.23,21.08,21.74,4408930,,,
HLVDEPQNLIK,light,21.28,0.23,20.99,21.65,4550331,,,
HLVDEPQNLIK,light,21.31,0.22,21.05,21.71,4428028,,,
HLVDEPQNLIK,light,21.45,0.22,21.16,21.77,4551445,,,
HLVDEPQNLIK,light,21.45,0.23,21.19,21.83,4420252,,,
HLVDEPQNLIK,light,21.68,0.22,21.42,22.03,4269880,,,
HLVDEPQNLIK,light,21.71,0.22,21.42,22.08,4215577,,,
HLVDEPQNLIK,light,21.59,0.22,21.34,21.97,4377054,,,
HLVDEPQNLIK,light,21.54,0.23,21.28,21.91,4124601,,,
HLVDEPQNLIK,light,21.62,0.22,21.36,21.97,3987535,,,
HLVDEPQNLIK,light,21.68,0.22,21.39,22.03,3948699,,,
HLVDEPQNLIK,light,21.51,0.22,21.25,21.88,4179827,,,
HLVDEPQNLIK,light,21.51,0.23,21.19,21.91,4287028,,,
HLVDEPQNLIK,light,21.31,0.22,21.08,21.68,3983304,,,
HLVDEPQNLIK,light,21.22,0.25,20.93,21.59,3911630,,,
HLVDEPQNLIK,light,21.39,0.22,21.11,21.77,3908522,,,
HLVDEPQNLIK,light,21.65,0.23,21.36,21.97,4348139,,,
HLVDEPQNLIK,light,21.45,0.23,21.16,21.8,4358767,,,
HLVDEPQNLIK,light,21.48,0.23,21.16,21.91,4126042,,,
HLVDEPQNLIK,light,21.28,0.27,20.99,21.68,3908435,,,
HLVDEPQNLIK,light,21.57,0.22,21.28,21.91,4163307,,,
HLVDEPQNLIK,light,21.42,0.22,21.13,21.77,3819274,,,
HLVDEPQNLIK,light,21.45,0.23,21.19,21.85,5663097,,,
HLVDEPQNLIK,light,21.48,0.23,21.22,21.83,3912237,,,
HLVDEPQNLIK,light,21.48,0.21,21.19,21.8,3926147,,,
HLVDEPQNLIK,light,21.42,0.23,21.16,21.83,4195728,,,
HLVDEPQNLIK,light,21.36,0.22,21.08,21.74,4096102,,,
HLVDEPQNLIK,light,21.34,0.23,21.08,21.71,4204536,,,
HLVDEPQNLIK,light,21.25,0.23,20.99,21.65,4286372,,,
HLVDEPQNLIK,light,21.39,0.22,21.11,21.77,4368358,,,
HLVDEPQNLIK,light,21.48,0.21,21.19,21.85,4475334,,,
HLVDEPQNLIK,light,21.25,0.23,20.99,21.65,4286372,,,