"","QCno","pr.y","group","metric"
"1",1,0,"Individual Value CUSUM+","Retention Time"
"2",2,0,"Individual Value CUSUM+","Retention Time"
"3",3,0,"Individual Value CUSUM+","Retention Time"
"4",4,0,"Individual Value CUSUM+","Retention Time"
"5",5,0,"Individual Value CUSUM+","Retention Time"
"6",6,0,"Individual Value CUSUM+","Retention Time"
"7",7,0.5,"Individual Value CUSUM+","Retention Time"
"8",8,0.833333333333333,"Individual Value CUSUM+","Retention Time"
"9",9,1,"Individual Value CUSUM+","Retention Time"
"10",10,0.833333333333333,"Individual Value CUSUM+","Retention Time"
"11",11,0.833333333333333,"Individual Value CUSUM+","Retention Time"
"12",12,0.833333333333333,"Individual Value CUSUM+","Retention Time"
"13",13,1,"Individual Value CUSUM+","Retention Time"
"14",14,1,"Individual Value CUSUM+","Retention Time"
"15",15,0.833333333333333,"Individual Value CUSUM+","Retention Time"
"16",16,0.833333333333333,"Individual Value CUSUM+","Retention Time"
"17",17,0.833333333333333,"Individual Value CUSUM+","Retention Time"
"18",18,0.833333333333333,"Individual Value CUSUM+","Retention Time"
"19",19,0.833333333333333,"Individual Value CUSUM+","Retention Time"
"20",20,1,"Individual Value CUSUM+","Retention Time"
"21",21,1,"Individual Value CUSUM+","Retention Time"
"22",22,1,"Individual Value CUSUM+","Retention Time"
"23",23,1,"Individual Value CUSUM+","Retention Time"
"24",24,1,"Individual Value CUSUM+","Retention Time"
"25",25,1,"Individual Value CUSUM+","Retention Time"
"26",26,1,"Individual Value CUSUM+","Retention Time"
"27",27,1,"Individual Value CUSUM+","Retention Time"
"28",28,1,"Individual Value CUSUM+","Retention Time"
"29",29,1,"Individual Value CUSUM+","Retention Time"
"30",30,1,"Individual Value CUSUM+","Retention Time"
"31",31,1,"Individual Value CUSUM+","Retention Time"
"32",32,1,"Individual Value CUSUM+","Retention Time"
"33",33,1,"Individual Value CUSUM+","Retention Time"
"34",34,1,"Individual Value CUSUM+","Retention Time"
"35",35,1,"Individual Value CUSUM+","Retention Time"
"36",36,1,"Individual Value CUSUM+","Retention Time"
"37",37,1,"Individual Value CUSUM+","Retention Time"
"38",38,1,"Individual Value CUSUM+","Retention Time"
"39",39,1,"Individual Value CUSUM+","Retention Time"
"40",40,1,"Individual Value CUSUM+","Retention Time"
"41",41,1,"Individual Value CUSUM+","Retention Time"
"42",42,1,"Individual Value CUSUM+","Retention Time"
"43",43,1,"Individual Value CUSUM+","Retention Time"
"44",44,1,"Individual Value CUSUM+","Retention Time"
"45",45,0.833333333333333,"Individual Value CUSUM+","Retention Time"
"46",1,0,"Individual Value CUSUM-","Retention Time"
"47",2,0,"Individual Value CUSUM-","Retention Time"
"48",3,0,"Individual Value CUSUM-","Retention Time"
"49",4,0,"Individual Value CUSUM-","Retention Time"
"50",5,0,"Individual Value CUSUM-","Retention Time"
"51",6,0,"Individual Value CUSUM-","Retention Time"
"52",7,0,"Individual Value CUSUM-","Retention Time"
"53",8,0,"Individual Value CUSUM-","Retention Time"
"54",9,0,"Individual Value CUSUM-","Retention Time"
"55",10,0,"Individual Value CUSUM-","Retention Time"
"56",11,0,"Individual Value CUSUM-","Retention Time"
"57",12,0,"Individual Value CUSUM-","Retention Time"
"58",13,0,"Individual Value CUSUM-","Retention Time"
"59",14,0,"Individual Value CUSUM-","Retention Time"
"60",15,0,"Individual Value CUSUM-","Retention Time"
"61",16,0,"Individual Value CUSUM-","Retention Time"
"62",17,0,"Individual Value CUSUM-","Retention Time"
"63",18,0,"Individual Value CUSUM-","Retention Time"
"64",19,0,"Individual Value CUSUM-","Retention Time"
"65",20,0,"Individual Value CUSUM-","Retention Time"
"66",21,0,"Individual Value CUSUM-","Retention Time"
"67",22,0,"Individual Value CUSUM-","Retention Time"
"68",23,0,"Individual Value CUSUM-","Retention Time"
"69",24,0,"Individual Value CUSUM-","Retention Time"
"70",25,0,"Individual Value CUSUM-","Retention Time"
"71",26,0,"Individual Value CUSUM-","Retention Time"
"72",27,0,"Individual Value CUSUM-","Retention Time"
"73",28,0,"Individual Value CUSUM-","Retention Time"
"74",29,0,"Individual Value CUSUM-","Retention Time"
"75",30,0,"Individual Value CUSUM-","Retention Time"
"76",31,0,"Individual Value CUSUM-","Retention Time"
"77",32,0,"Individual Value CUSUM-","Retention Time"
"78",33,0,"Individual Value CUSUM-","Retention Time"
"79",34,0,"Individual Value CUSUM-","Retention Time"
"80",35,0,"Individual Value CUSUM-","Retention Time"
"81",36,0,"Individual Value CUSUM-","Retention Time"
"82",37,0,"Individual Value CUSUM-","Retention Time"
"83",38,0,"Individual Value CUSUM-","Retention Time"
"84",39,0.166666666666667,"Individual Value CUSUM-","Retention Time"
"85",40,0.166666666666667,"Individual Value CUSUM-","Retention Time"
"86",41,0.333333333333333,"Individual Value CUSUM-","Retention Time"
"87",42,0.333333333333333,"Individual Value CUSUM-","Retention Time"
"88",43,0.333333333333333,"Individual Value CUSUM-","Retention Time"
"89",44,0.333333333333333,"Individual Value CUSUM-","Retention Time"
"90",45,0.333333333333333,"Individual Value CUSUM-","Retention Time"
"91",1,0,"Moving Range CUSUM+","Retention Time"
"92",2,0,"Moving Range CUSUM+","Retention Time"
"93",3,0,"Moving Range CUSUM+","Retention Time"
"94",4,0,"Moving Range CUSUM+","Retention Time"
"95",5,0,"Moving Range CUSUM+","Retention Time"
"96",6,0,"Moving Range CUSUM+","Retention Time"
"97",7,-0.5,"Moving Range CUSUM+","Retention Time"
"98",8,-0.833333333333333,"Moving Range CUSUM+","Retention Time"
"99",9,-0.833333333333333,"Moving Range CUSUM+","Retention Time"
"100",10,-0.833333333333333,"Moving Range CUSUM+","Retention Time"
"101",11,-0.833333333333333,"Moving Range CUSUM+","Retention Time"
"102",12,-0.833333333333333,"Moving Range CUSUM+","Retention Time"
"103",13,-0.833333333333333,"Moving Range CUSUM+","Retention Time"
"104",14,-0.833333333333333,"Moving Range CUSUM+","Retention Time"
"105",15,-0.833333333333333,"Moving Range CUSUM+","Retention Time"
"106",16,-0.833333333333333,"Moving Range CUSUM+","Retention Time"
"107",17,-0.833333333333333,"Moving Range CUSUM+","Retention Time"
"108",18,-0.833333333333333,"Moving Range CUSUM+","Retention Time"
"109",19,-0.833333333333333,"Moving Range CUSUM+","Retention Time"
"110",20,-0.833333333333333,"Moving Range CUSUM+","Retention Time"
"111",21,-0.833333333333333,"Moving Range CUSUM+","Retention Time"
"112",22,-0.833333333333333,"Moving Range CUSUM+","Retention Time"
"113",23,-0.833333333333333,"Moving Range CUSUM+","Retention Time"
"114",24,-0.833333333333333,"Moving Range CUSUM+","Retention Time"
"115",25,-0.833333333333333,"Moving Range CUSUM+","Retention Time"
"116",26,-0.833333333333333,"Moving Range CUSUM+","Retention Time"
"117",27,-0.833333333333333,"Moving Range CUSUM+","Retention Time"
"118",28,-0.833333333333333,"Moving Range CUSUM+","Retention Time"
"119",29,-0.833333333333333,"Moving Range CUSUM+","Retention Time"
"120",30,-0.833333333333333,"Moving Range CUSUM+","Retention Time"
"121",31,-0.833333333333333,"Moving Range CUSUM+","Retention Time"
"122",32,-0.833333333333333,"Moving Range CUSUM+","Retention Time"
"123",33,-0.833333333333333,"Moving Range CUSUM+","Retention Time"
"124",34,-0.833333333333333,"Moving Range CUSUM+","Retention Time"
"125",35,-0.833333333333333,"Moving Range CUSUM+","Retention Time"
"126",36,-0.833333333333333,"Moving Range CUSUM+","Retention Time"
"127",37,-0.833333333333333,"Moving Range CUSUM+","Retention Time"
"128",38,-0.833333333333333,"Moving Range CUSUM+","Retention Time"
"129",39,-0.833333333333333,"Moving Range CUSUM+","Retention Time"
"130",40,-0.833333333333333,"Moving Range CUSUM+","Retention Time"
"131",41,-0.833333333333333,"Moving Range CUSUM+","Retention Time"
"132",42,-0.833333333333333,"Moving Range CUSUM+","Retention Time"
"133",43,-0.833333333333333,"Moving Range CUSUM+","Retention Time"
"134",44,-0.833333333333333,"Moving Range CUSUM+","Retention Time"
"135",45,-0.833333333333333,"Moving Range CUSUM+","Retention Time"
"136",1,0,"Moving Range CUSUM-","Retention Time"
"137",2,0,"Moving Range CUSUM-","Retention Time"
"138",3,0,"Moving Range CUSUM-","Retention Time"
"139",4,0,"Moving Range CUSUM-","Retention Time"
"140",5,0,"Moving Range CUSUM-","Retention Time"
"141",6,0,"Moving Range CUSUM-","Retention Time"
"142",7,0,"Moving Range CUSUM-","Retention Time"
"143",8,0,"Moving Range CUSUM-","Retention Time"
"144",9,0,"Moving Range CUSUM-","Retention Time"
"145",10,0,"Moving Range CUSUM-","Retention Time"
"146",11,0,"Moving Range CUSUM-","Retention Time"
"147",12,0,"Moving Range CUSUM-","Retention Time"
"148",13,0,"Moving Range CUSUM-","Retention Time"
"149",14,0,"Moving Range CUSUM-","Retention Time"
"150",15,0,"Moving Range CUSUM-","Retention Time"
"151",16,0,"Moving Range CUSUM-","Retention Time"
"152",17,0,"Moving Range CUSUM-","Retention Time"
"153",18,0,"Moving Range CUSUM-","Retention Time"
"154",19,0,"Moving Range CUSUM-","Retention Time"
"155",20,0,"Moving Range CUSUM-","Retention Time"
"156",21,0,"Moving Range CUSUM-","Retention Time"
"157",22,0,"Moving Range CUSUM-","Retention Time"
"158",23,0,"Moving Range CUSUM-","Retention Time"
"159",24,0,"Moving Range CUSUM-","Retention Time"
"160",25,0,"Moving Range CUSUM-","Retention Time"
"161",26,0,"Moving Range CUSUM-","Retention Time"
"162",27,0,"Moving Range CUSUM-","Retention Time"
"163",28,0,"Moving Range CUSUM-","Retention Time"
"164",29,0,"Moving Range CUSUM-","Retention Time"
"165",30,0,"Moving Range CUSUM-","Retention Time"
"166",31,0,"Moving Range CUSUM-","Retention Time"
"167",32,0,"Moving Range CUSUM-","Retention Time"
"168",33,0,"Moving Range CUSUM-","Retention Time"
"169",34,0,"Moving Range CUSUM-","Retention Time"
"170",35,0,"Moving Range CUSUM-","Retention Time"
"171",36,0,"Moving Range CUSUM-","Retention Time"
"172",37,0,"Moving Range CUSUM-","Retention Time"
"173",38,0,"Moving Range CUSUM-","Retention Time"
"174",39,0,"Moving Range CUSUM-","Retention Time"
"175",40,0,"Moving Range CUSUM-","Retention Time"
"176",41,0,"Moving Range CUSUM-","Retention Time"
"177",42,0,"Moving Range CUSUM-","Retention Time"
"178",43,0,"Moving Range CUSUM-","Retention Time"
"179",44,0,"Moving Range CUSUM-","Retention Time"
"180",45,0,"Moving Range CUSUM-","Retention Time"
"181",1,0,"Individual Value CUSUM+","Peak Assymetry"
"182",2,0,"Individual Value CUSUM+","Peak Assymetry"
"183",3,0,"Individual Value CUSUM+","Peak Assymetry"
"184",4,0,"Individual Value CUSUM+","Peak Assymetry"
"185",5,0,"Individual Value CUSUM+","Peak Assymetry"
"186",6,0,"Individual Value CUSUM+","Peak Assymetry"
"187",7,0,"Individual Value CUSUM+","Peak Assymetry"
"188",8,0,"Individual Value CUSUM+","Peak Assymetry"
"189",9,0.166666666666667,"Individual Value CUSUM+","Peak Assymetry"
"190",10,0.166666666666667,"Individual Value CUSUM+","Peak Assymetry"
"191",11,0.166666666666667,"Individual Value CUSUM+","Peak Assymetry"
"192",12,0.166666666666667,"Individual Value CUSUM+","Peak Assymetry"
"193",13,0.333333333333333,"Individual Value CUSUM+","Peak Assymetry"
"194",14,0.166666666666667,"Individual Value CUSUM+","Peak Assymetry"
"195",15,0,"Individual Value CUSUM+","Peak Assymetry"
"196",16,0,"Individual Value CUSUM+","Peak Assymetry"
"197",17,0,"Individual Value CUSUM+","Peak Assymetry"
"198",18,0,"Individual Value CUSUM+","Peak Assymetry"
"199",19,0,"Individual Value CUSUM+","Peak Assymetry"
"200",20,0.166666666666667,"Individual Value CUSUM+","Peak Assymetry"
"201",21,0.166666666666667,"Individual Value CUSUM+","Peak Assymetry"
"202",22,0.166666666666667,"Individual Value CUSUM+","Peak Assymetry"
"203",23,0.166666666666667,"Individual Value CUSUM+","Peak Assymetry"
"204",24,0.166666666666667,"Individual Value CUSUM+","Peak Assymetry"
"205",25,0.166666666666667,"Individual Value CUSUM+","Peak Assymetry"
"206",26,0.166666666666667,"Individual Value CUSUM+","Peak Assymetry"
"207",27,0.333333333333333,"Individual Value CUSUM+","Peak Assymetry"
"208",28,0.166666666666667,"Individual Value CUSUM+","Peak Assymetry"
"209",29,0.166666666666667,"Individual Value CUSUM+","Peak Assymetry"
"210",30,0.166666666666667,"Individual Value CUSUM+","Peak Assymetry"
"211",31,0.166666666666667,"Individual Value CUSUM+","Peak Assymetry"
"212",32,0.166666666666667,"Individual Value CUSUM+","Peak Assymetry"
"213",33,0.166666666666667,"Individual Value CUSUM+","Peak Assymetry"
"214",34,0.166666666666667,"Individual Value CUSUM+","Peak Assymetry"
"215",35,0.166666666666667,"Individual Value CUSUM+","Peak Assymetry"
"216",36,0.166666666666667,"Individual Value CUSUM+","Peak Assymetry"
"217",37,0.166666666666667,"Individual Value CUSUM+","Peak Assymetry"
"218",38,0.166666666666667,"Individual Value CUSUM+","Peak Assymetry"
"219",39,0.166666666666667,"Individual Value CUSUM+","Peak Assymetry"
"220",40,0.333333333333333,"Individual Value CUSUM+","Peak Assymetry"
"221",41,0.166666666666667,"Individual Value CUSUM+","Peak Assymetry"
"222",42,0.166666666666667,"Individual Value CUSUM+","Peak Assymetry"
"223",43,0.333333333333333,"Individual Value CUSUM+","Peak Assymetry"
"224",44,0.166666666666667,"Individual Value CUSUM+","Peak Assymetry"
"225",45,0.166666666666667,"Individual Value CUSUM+","Peak Assymetry"
"226",1,0,"Individual Value CUSUM-","Peak Assymetry"
"227",2,0,"Individual Value CUSUM-","Peak Assymetry"
"228",3,0,"Individual Value CUSUM-","Peak Assymetry"
"229",4,0,"Individual Value CUSUM-","Peak Assymetry"
"230",5,0,"Individual Value CUSUM-","Peak Assymetry"
"231",6,0,"Individual Value CUSUM-","Peak Assymetry"
"232",7,0,"Individual Value CUSUM-","Peak Assymetry"
"233",8,0,"Individual Value CUSUM-","Peak Assymetry"
"234",9,0,"Individual Value CUSUM-","Peak Assymetry"
"235",10,0,"Individual Value CUSUM-","Peak Assymetry"
"236",11,0,"Individual Value CUSUM-","Peak Assymetry"
"237",12,0,"Individual Value CUSUM-","Peak Assymetry"
"238",13,0,"Individual Value CUSUM-","Peak Assymetry"
"239",14,0,"Individual Value CUSUM-","Peak Assymetry"
"240",15,0,"Individual Value CUSUM-","Peak Assymetry"
"241",16,0,"Individual Value CUSUM-","Peak Assymetry"
"242",17,0,"Individual Value CUSUM-","Peak Assymetry"
"243",18,0,"Individual Value CUSUM-","Peak Assymetry"
"244",19,0.166666666666667,"Individual Value CUSUM-","Peak Assymetry"
"245",20,0.333333333333333,"Individual Value CUSUM-","Peak Assymetry"
"246",21,0.333333333333333,"Individual Value CUSUM-","Peak Assymetry"
"247",22,0.333333333333333,"Individual Value CUSUM-","Peak Assymetry"
"248",23,0.166666666666667,"Individual Value CUSUM-","Peak Assymetry"
"249",24,0.166666666666667,"Individual Value CUSUM-","Peak Assymetry"
"250",25,0.166666666666667,"Individual Value CUSUM-","Peak Assymetry"
"251",26,0.166666666666667,"Individual Value CUSUM-","Peak Assymetry"
"252",27,0.166666666666667,"Individual Value CUSUM-","Peak Assymetry"
"253",28,0.166666666666667,"Individual Value CUSUM-","Peak Assymetry"
"254",29,0.166666666666667,"Individual Value CUSUM-","Peak Assymetry"
"255",30,0.166666666666667,"Individual Value CUSUM-","Peak Assymetry"
"256",31,0.166666666666667,"Individual Value CUSUM-","Peak Assymetry"
"257",32,0.166666666666667,"Individual Value CUSUM-","Peak Assymetry"
"258",33,0.166666666666667,"Individual Value CUSUM-","Peak Assymetry"
"259",34,0.166666666666667,"Individual Value CUSUM-","Peak Assymetry"
"260",35,0.166666666666667,"Individual Value CUSUM-","Peak Assymetry"
"261",36,0.333333333333333,"Individual Value CUSUM-","Peak Assymetry"
"262",37,0.333333333333333,"Individual Value CUSUM-","Peak Assymetry"
"263",38,0.333333333333333,"Individual Value CUSUM-","Peak Assymetry"
"264",39,0.333333333333333,"Individual Value CUSUM-","Peak Assymetry"
"265",40,0.333333333333333,"Individual Value CUSUM-","Peak Assymetry"
"266",41,0.333333333333333,"Individual Value CUSUM-","Peak Assymetry"
"267",42,0.333333333333333,"Individual Value CUSUM-","Peak Assymetry"
"268",43,0.333333333333333,"Individual Value CUSUM-","Peak Assymetry"
"269",44,0.333333333333333,"Individual Value CUSUM-","Peak Assymetry"
"270",45,0.333333333333333,"Individual Value CUSUM-","Peak Assymetry"
"271",1,0,"Moving Range CUSUM+","Peak Assymetry"
"272",2,0,"Moving Range CUSUM+","Peak Assymetry"
"273",3,0,"Moving Range CUSUM+","Peak Assymetry"
"274",4,0,"Moving Range CUSUM+","Peak Assymetry"
"275",5,0,"Moving Range CUSUM+","Peak Assymetry"
"276",6,0,"Moving Range CUSUM+","Peak Assymetry"
"277",7,0,"Moving Range CUSUM+","Peak Assymetry"
"278",8,0,"Moving Range CUSUM+","Peak Assymetry"
"279",9,0,"Moving Range CUSUM+","Peak Assymetry"
"280",10,0,"Moving Range CUSUM+","Peak Assymetry"
"281",11,0,"Moving Range CUSUM+","Peak Assymetry"
"282",12,-0.166666666666667,"Moving Range CUSUM+","Peak Assymetry"
"283",13,-0.166666666666667,"Moving Range CUSUM+","Peak Assymetry"
"284",14,-0.166666666666667,"Moving Range CUSUM+","Peak Assymetry"
"285",15,-0.166666666666667,"Moving Range CUSUM+","Peak Assymetry"
"286",16,-0.166666666666667,"Moving Range CUSUM+","Peak Assymetry"
"287",17,-0.166666666666667,"Moving Range CUSUM+","Peak Assymetry"
"288",18,-0.166666666666667,"Moving Range CUSUM+","Peak Assymetry"
"289",19,-0.166666666666667,"Moving Range CUSUM+","Peak Assymetry"
"290",20,-0.5,"Moving Range CUSUM+","Peak Assymetry"
"291",21,-0.333333333333333,"Moving Range CUSUM+","Peak Assymetry"
"292",22,-0.333333333333333,"Moving Range CUSUM+","Peak Assymetry"
"293",23,-0.333333333333333,"Moving Range CUSUM+","Peak Assymetry"
"294",24,-0.333333333333333,"Moving Range CUSUM+","Peak Assymetry"
"295",25,-0.333333333333333,"Moving Range CUSUM+","Peak Assymetry"
"296",26,-0.333333333333333,"Moving Range CUSUM+","Peak Assymetry"
"297",27,-0.333333333333333,"Moving Range CUSUM+","Peak Assymetry"
"298",28,-0.333333333333333,"Moving Range CUSUM+","Peak Assymetry"
"299",29,-0.333333333333333,"Moving Range CUSUM+","Peak Assymetry"
"300",30,-0.166666666666667,"Moving Range CUSUM+","Peak Assymetry"
"301",31,-0.166666666666667,"Moving Range CUSUM+","Peak Assymetry"
"302",32,-0.166666666666667,"Moving Range CUSUM+","Peak Assymetry"
"303",33,-0.166666666666667,"Moving Range CUSUM+","Peak Assymetry"
"304",34,-0.166666666666667,"Moving Range CUSUM+","Peak Assymetry"
"305",35,-0.166666666666667,"Moving Range CUSUM+","Peak Assymetry"
"306",36,-0.333333333333333,"Moving Range CUSUM+","Peak Assymetry"
"307",37,-0.333333333333333,"Moving Range CUSUM+","Peak Assymetry"
"308",38,-0.333333333333333,"Moving Range CUSUM+","Peak Assymetry"
"309",39,-0.333333333333333,"Moving Range CUSUM+","Peak Assymetry"
"310",40,-0.333333333333333,"Moving Range CUSUM+","Peak Assymetry"
"311",41,-0.333333333333333,"Moving Range CUSUM+","Peak Assymetry"
"312",42,-0.333333333333333,"Moving Range CUSUM+","Peak Assymetry"
"313",43,-0.333333333333333,"Moving Range CUSUM+","Peak Assymetry"
"314",44,-0.333333333333333,"Moving Range CUSUM+","Peak Assymetry"
"315",45,-0.333333333333333,"Moving Range CUSUM+","Peak Assymetry"
"316",1,0,"Moving Range CUSUM-","Peak Assymetry"
"317",2,0,"Moving Range CUSUM-","Peak Assymetry"
"318",3,0,"Moving Range CUSUM-","Peak Assymetry"
"319",4,0,"Moving Range CUSUM-","Peak Assymetry"
"320",5,0,"Moving Range CUSUM-","Peak Assymetry"
"321",6,0,"Moving Range CUSUM-","Peak Assymetry"
"322",7,-0.166666666666667,"Moving Range CUSUM-","Peak Assymetry"
"323",8,-0.166666666666667,"Moving Range CUSUM-","Peak Assymetry"
"324",9,-0.166666666666667,"Moving Range CUSUM-","Peak Assymetry"
"325",10,-0.166666666666667,"Moving Range CUSUM-","Peak Assymetry"
"326",11,-0.166666666666667,"Moving Range CUSUM-","Peak Assymetry"
"327",12,-0.166666666666667,"Moving Range CUSUM-","Peak Assymetry"
"328",13,-0.166666666666667,"Moving Range CUSUM-","Peak Assymetry"
"329",14,-0.166666666666667,"Moving Range CUSUM-","Peak Assymetry"
"330",15,-0.166666666666667,"Moving Range CUSUM-","Peak Assymetry"
"331",16,-0.166666666666667,"Moving Range CUSUM-","Peak Assymetry"
"332",17,-0.166666666666667,"Moving Range CUSUM-","Peak Assymetry"
"333",18,-0.166666666666667,"Moving Range CUSUM-","Peak Assymetry"
"334",19,0,"Moving Range CUSUM-","Peak Assymetry"
"335",20,0,"Moving Range CUSUM-","Peak Assymetry"
"336",21,0,"Moving Range CUSUM-","Peak Assymetry"
"337",22,0,"Moving Range CUSUM-","Peak Assymetry"
"338",23,0,"Moving Range CUSUM-","Peak Assymetry"
"339",24,0,"Moving Range CUSUM-","Peak Assymetry"
"340",25,0,"Moving Range CUSUM-","Peak Assymetry"
"341",26,0,"Moving Range CUSUM-","Peak Assymetry"
"342",27,0,"Moving Range CUSUM-","Peak Assymetry"
"343",28,0,"Moving Range CUSUM-","Peak Assymetry"
"344",29,0,"Moving Range CUSUM-","Peak Assymetry"
"345",30,0,"Moving Range CUSUM-","Peak Assymetry"
"346",31,0,"Moving Range CUSUM-","Peak Assymetry"
"347",32,0,"Moving Range CUSUM-","Peak Assymetry"
"348",33,0,"Moving Range CUSUM-","Peak Assymetry"
"349",34,0,"Moving Range CUSUM-","Peak Assymetry"
"350",35,0,"Moving Range CUSUM-","Peak Assymetry"
"351",36,0,"Moving Range CUSUM-","Peak Assymetry"
"352",37,0,"Moving Range CUSUM-","Peak Assymetry"
"353",38,0,"Moving Range CUSUM-","Peak Assymetry"
"354",39,0,"Moving Range CUSUM-","Peak Assymetry"
"355",40,0,"Moving Range CUSUM-","Peak Assymetry"
"356",41,0,"Moving Range CUSUM-","Peak Assymetry"
"357",42,0,"Moving Range CUSUM-","Peak Assymetry"
"358",43,0,"Moving Range CUSUM-","Peak Assymetry"
"359",44,0,"Moving Range CUSUM-","Peak Assymetry"
"360",45,0,"Moving Range CUSUM-","Peak Assymetry"
"361",1,0,"Individual Value CUSUM+","FWHM"
"362",2,0,"Individual Value CUSUM+","FWHM"
"363",3,0,"Individual Value CUSUM+","FWHM"
"364",4,0,"Individual Value CUSUM+","FWHM"
"365",5,0,"Individual Value CUSUM+","FWHM"
"366",6,0,"Individual Value CUSUM+","FWHM"
"367",7,0,"Individual Value CUSUM+","FWHM"
"368",8,0,"Individual Value CUSUM+","FWHM"
"369",9,0,"Individual Value CUSUM+","FWHM"
"370",10,0,"Individual Value CUSUM+","FWHM"
"371",11,0,"Individual Value CUSUM+","FWHM"
"372",12,0,"Individual Value CUSUM+","FWHM"
"373",13,0,"Individual Value CUSUM+","FWHM"
"374",14,0,"Individual Value CUSUM+","FWHM"
"375",15,0,"Individual Value CUSUM+","FWHM"
"376",16,0,"Individual Value CUSUM+","FWHM"
"377",17,0,"Individual Value CUSUM+","FWHM"
"378",18,0,"Individual Value CUSUM+","FWHM"
"379",19,0,"Individual Value CUSUM+","FWHM"
"380",20,0,"Individual Value CUSUM+","FWHM"
"381",21,0,"Individual Value CUSUM+","FWHM"
"382",22,0,"Individual Value CUSUM+","FWHM"
"383",23,0,"Individual Value CUSUM+","FWHM"
"384",24,0,"Individual Value CUSUM+","FWHM"
"385",25,0,"Individual Value CUSUM+","FWHM"
"386",26,0.166666666666667,"Individual Value CUSUM+","FWHM"
"387",27,0,"Individual Value CUSUM+","FWHM"
"388",28,0,"Individual Value CUSUM+","FWHM"
"389",29,0,"Individual Value CUSUM+","FWHM"
"390",30,0,"Individual Value CUSUM+","FWHM"
"391",31,0,"Individual Value CUSUM+","FWHM"
"392",32,0,"Individual Value CUSUM+","FWHM"
"393",33,0,"Individual Value CUSUM+","FWHM"
"394",34,0,"Individual Value CUSUM+","FWHM"
"395",35,0,"Individual Value CUSUM+","FWHM"
"396",36,0.166666666666667,"Individual Value CUSUM+","FWHM"
"397",37,0,"Individual Value CUSUM+","FWHM"
"398",38,0,"Individual Value CUSUM+","FWHM"
"399",39,0,"Individual Value CUSUM+","FWHM"
"400",40,0.166666666666667,"Individual Value CUSUM+","FWHM"
"401",41,0.166666666666667,"Individual Value CUSUM+","FWHM"
"402",42,0.333333333333333,"Individual Value CUSUM+","FWHM"
"403",43,0.333333333333333,"Individual Value CUSUM+","FWHM"
"404",44,0.333333333333333,"Individual Value CUSUM+","FWHM"
"405",45,0.333333333333333,"Individual Value CUSUM+","FWHM"
"406",1,0,"Individual Value CUSUM-","FWHM"
"407",2,0,"Individual Value CUSUM-","FWHM"
"408",3,0,"Individual Value CUSUM-","FWHM"
"409",4,0,"Individual Value CUSUM-","FWHM"
"410",5,0,"Individual Value CUSUM-","FWHM"
"411",6,0,"Individual Value CUSUM-","FWHM"
"412",7,0,"Individual Value CUSUM-","FWHM"
"413",8,0,"Individual Value CUSUM-","FWHM"
"414",9,0.166666666666667,"Individual Value CUSUM-","FWHM"
"415",10,0.166666666666667,"Individual Value CUSUM-","FWHM"
"416",11,0.166666666666667,"Individual Value CUSUM-","FWHM"
"417",12,0.166666666666667,"Individual Value CUSUM-","FWHM"
"418",13,0.166666666666667,"Individual Value CUSUM-","FWHM"
"419",14,0.166666666666667,"Individual Value CUSUM-","FWHM"
"420",15,0.166666666666667,"Individual Value CUSUM-","FWHM"
"421",16,0.166666666666667,"Individual Value CUSUM-","FWHM"
"422",17,0.333333333333333,"Individual Value CUSUM-","FWHM"
"423",18,0.166666666666667,"Individual Value CUSUM-","FWHM"
"424",19,0.166666666666667,"Individual Value CUSUM-","FWHM"
"425",20,0.333333333333333,"Individual Value CUSUM-","FWHM"
"426",21,0.5,"Individual Value CUSUM-","FWHM"
"427",22,0.333333333333333,"Individual Value CUSUM-","FWHM"
"428",23,0.5,"Individual Value CUSUM-","FWHM"
"429",24,0.333333333333333,"Individual Value CUSUM-","FWHM"
"430",25,0.333333333333333,"Individual Value CUSUM-","FWHM"
"431",26,0.166666666666667,"Individual Value CUSUM-","FWHM"
"432",27,0.166666666666667,"Individual Value CUSUM-","FWHM"
"433",28,0.166666666666667,"Individual Value CUSUM-","FWHM"
"434",29,0.166666666666667,"Individual Value CUSUM-","FWHM"
"435",30,0.166666666666667,"Individual Value CUSUM-","FWHM"
"436",31,0.166666666666667,"Individual Value CUSUM-","FWHM"
"437",32,0.166666666666667,"Individual Value CUSUM-","FWHM"
"438",33,0.166666666666667,"Individual Value CUSUM-","FWHM"
"439",34,0.166666666666667,"Individual Value CUSUM-","FWHM"
"440",35,0.166666666666667,"Individual Value CUSUM-","FWHM"
"441",36,0.166666666666667,"Individual Value CUSUM-","FWHM"
"442",37,0.166666666666667,"Individual Value CUSUM-","FWHM"
"443",38,0.166666666666667,"Individual Value CUSUM-","FWHM"
"444",39,0.166666666666667,"Individual Value CUSUM-","FWHM"
"445",40,0.166666666666667,"Individual Value CUSUM-","FWHM"
"446",41,0.166666666666667,"Individual Value CUSUM-","FWHM"
"447",42,0.166666666666667,"Individual Value CUSUM-","FWHM"
"448",43,0.166666666666667,"Individual Value CUSUM-","FWHM"
"449",44,0.166666666666667,"Individual Value CUSUM-","FWHM"
"450",45,0.166666666666667,"Individual Value CUSUM-","FWHM"
"451",1,0,"Moving Range CUSUM+","FWHM"
"452",2,0,"Moving Range CUSUM+","FWHM"
"453",3,0,"Moving Range CUSUM+","FWHM"
"454",4,0,"Moving Range CUSUM+","FWHM"
"455",5,0,"Moving Range CUSUM+","FWHM"
"456",6,0,"Moving Range CUSUM+","FWHM"
"457",7,0,"Moving Range CUSUM+","FWHM"
"458",8,0,"Moving Range CUSUM+","FWHM"
"459",9,0,"Moving Range CUSUM+","FWHM"
"460",10,0,"Moving Range CUSUM+","FWHM"
"461",11,0,"Moving Range CUSUM+","FWHM"
"462",12,0,"Moving Range CUSUM+","FWHM"
"463",13,0,"Moving Range CUSUM+","FWHM"
"464",14,0,"Moving Range CUSUM+","FWHM"
"465",15,0,"Moving Range CUSUM+","FWHM"
"466",16,0,"Moving Range CUSUM+","FWHM"
"467",17,0,"Moving Range CUSUM+","FWHM"
"468",18,0,"Moving Range CUSUM+","FWHM"
"469",19,0,"Moving Range CUSUM+","FWHM"
"470",20,0,"Moving Range CUSUM+","FWHM"
"471",21,0,"Moving Range CUSUM+","FWHM"
"472",22,0,"Moving Range CUSUM+","FWHM"
"473",23,-0.333333333333333,"Moving Range CUSUM+","FWHM"
"474",24,-0.5,"Moving Range CUSUM+","FWHM"
"475",25,-0.333333333333333,"Moving Range CUSUM+","FWHM"
"476",26,-0.333333333333333,"Moving Range CUSUM+","FWHM"
"477",27,-0.333333333333333,"Moving Range CUSUM+","FWHM"
"478",28,-0.166666666666667,"Moving Range CUSUM+","FWHM"
"479",29,-0.166666666666667,"Moving Range CUSUM+","FWHM"
"480",30,0,"Moving Range CUSUM+","FWHM"
"481",31,-0.166666666666667,"Moving Range CUSUM+","FWHM"
"482",32,-0.166666666666667,"Moving Range CUSUM+","FWHM"
"483",33,-0.166666666666667,"Moving Range CUSUM+","FWHM"
"484",34,-0.166666666666667,"Moving Range CUSUM+","FWHM"
"485",35,-0.166666666666667,"Moving Range CUSUM+","FWHM"
"486",36,-0.166666666666667,"Moving Range CUSUM+","FWHM"
"487",37,-0.166666666666667,"Moving Range CUSUM+","FWHM"
"488",38,-0.166666666666667,"Moving Range CUSUM+","FWHM"
"489",39,-0.166666666666667,"Moving Range CUSUM+","FWHM"
"490",40,-0.166666666666667,"Moving Range CUSUM+","FWHM"
"491",41,-0.166666666666667,"Moving Range CUSUM+","FWHM"
"492",42,-0.166666666666667,"Moving Range CUSUM+","FWHM"
"493",43,-0.166666666666667,"Moving Range CUSUM+","FWHM"
"494",44,-0.166666666666667,"Moving Range CUSUM+","FWHM"
"495",45,-0.166666666666667,"Moving Range CUSUM+","FWHM"
"496",1,0,"Moving Range CUSUM-","FWHM"
"497",2,0,"Moving Range CUSUM-","FWHM"
"498",3,0,"Moving Range CUSUM-","FWHM"
"499",4,0,"Moving Range CUSUM-","FWHM"
"500",5,0,"Moving Range CUSUM-","FWHM"
"501",6,0,"Moving Range CUSUM-","FWHM"
"502",7,0,"Moving Range CUSUM-","FWHM"
"503",8,0,"Moving Range CUSUM-","FWHM"
"504",9,0,"Moving Range CUSUM-","FWHM"
"505",10,0,"Moving Range CUSUM-","FWHM"
"506",11,0,"Moving Range CUSUM-","FWHM"
"507",12,0,"Moving Range CUSUM-","FWHM"
"508",13,0,"Moving Range CUSUM-","FWHM"
"509",14,0,"Moving Range CUSUM-","FWHM"
"510",15,0,"Moving Range CUSUM-","FWHM"
"511",16,0,"Moving Range CUSUM-","FWHM"
"512",17,0,"Moving Range CUSUM-","FWHM"
"513",18,0,"Moving Range CUSUM-","FWHM"
"514",19,0,"Moving Range CUSUM-","FWHM"
"515",20,0,"Moving Range CUSUM-","FWHM"
"516",21,0,"Moving Range CUSUM-","FWHM"
"517",22,0,"Moving Range CUSUM-","FWHM"
"518",23,0,"Moving Range CUSUM-","FWHM"
"519",24,0,"Moving Range CUSUM-","FWHM"
"520",25,0,"Moving Range CUSUM-","FWHM"
"521",26,0,"Moving Range CUSUM-","FWHM"
"522",27,0,"Moving Range CUSUM-","FWHM"
"523",28,0,"Moving Range CUSUM-","FWHM"
"524",29,0,"Moving Range CUSUM-","FWHM"
"525",30,0,"Moving Range CUSUM-","FWHM"
"526",31,0,"Moving Range CUSUM-","FWHM"
"527",32,0,"Moving Range CUSUM-","FWHM"
"528",33,0,"Moving Range CUSUM-","FWHM"
"529",34,0,"Moving Range CUSUM-","FWHM"
"530",35,0,"Moving Range CUSUM-","FWHM"
"531",36,0,"Moving Range CUSUM-","FWHM"
"532",37,0,"Moving Range CUSUM-","FWHM"
"533",38,0,"Moving Range CUSUM-","FWHM"
"534",39,0,"Moving Range CUSUM-","FWHM"
"535",40,0,"Moving Range CUSUM-","FWHM"
"536",41,0,"Moving Range CUSUM-","FWHM"
"537",42,0,"Moving Range CUSUM-","FWHM"
"538",43,0,"Moving Range CUSUM-","FWHM"
"539",44,0,"Moving Range CUSUM-","FWHM"
"540",45,0,"Moving Range CUSUM-","FWHM"
"541",1,0,"Individual Value CUSUM+","Total Area"
"542",2,0,"Individual Value CUSUM+","Total Area"
"543",3,0,"Individual Value CUSUM+","Total Area"
"544",4,0,"Individual Value CUSUM+","Total Area"
"545",5,0,"Individual Value CUSUM+","Total Area"
"546",6,0,"Individual Value CUSUM+","Total Area"
"547",7,0,"Individual Value CUSUM+","Total Area"
"548",8,0,"Individual Value CUSUM+","Total Area"
"549",9,0,"Individual Value CUSUM+","Total Area"
"550",10,0.5,"Individual Value CUSUM+","Total Area"
"551",11,0.666666666666667,"Individual Value CUSUM+","Total Area"
"552",12,0.666666666666667,"Individual Value CUSUM+","Total Area"
"553",13,0.666666666666667,"Individual Value CUSUM+","Total Area"
"554",14,0.666666666666667,"Individual Value CUSUM+","Total Area"
"555",15,0.5,"Individual Value CUSUM+","Total Area"
"556",16,0.5,"Individual Value CUSUM+","Total Area"
"557",17,0.5,"Individual Value CUSUM+","Total Area"
"558",18,0.666666666666667,"Individual Value CUSUM+","Total Area"
"559",19,0.5,"Individual Value CUSUM+","Total Area"
"560",20,0.5,"Individual Value CUSUM+","Total Area"
"561",21,0.5,"Individual Value CUSUM+","Total Area"
"562",22,0.5,"Individual Value CUSUM+","Total Area"
"563",23,0.5,"Individual Value CUSUM+","Total Area"
"564",24,0.5,"Individual Value CUSUM+","Total Area"
"565",25,0.5,"Individual Value CUSUM+","Total Area"
"566",26,0.5,"Individual Value CUSUM+","Total Area"
"567",27,0.666666666666667,"Individual Value CUSUM+","Total Area"
"568",28,0.666666666666667,"Individual Value CUSUM+","Total Area"
"569",29,0.666666666666667,"Individual Value CUSUM+","Total Area"
"570",30,0.666666666666667,"Individual Value CUSUM+","Total Area"
"571",31,0.666666666666667,"Individual Value CUSUM+","Total Area"
"572",32,0.666666666666667,"Individual Value CUSUM+","Total Area"
"573",33,0.666666666666667,"Individual Value CUSUM+","Total Area"
"574",34,0.666666666666667,"Individual Value CUSUM+","Total Area"
"575",35,0.666666666666667,"Individual Value CUSUM+","Total Area"
"576",36,0.666666666666667,"Individual Value CUSUM+","Total Area"
"577",37,0.666666666666667,"Individual Value CUSUM+","Total Area"
"578",38,0.333333333333333,"Individual Value CUSUM+","Total Area"
"579",39,0.333333333333333,"Individual Value CUSUM+","Total Area"
"580",40,0.333333333333333,"Individual Value CUSUM+","Total Area"
"581",41,0.333333333333333,"Individual Value CUSUM+","Total Area"
"582",42,0.333333333333333,"Individual Value CUSUM+","Total Area"
"583",43,0.333333333333333,"Individual Value CUSUM+","Total Area"
"584",44,0.333333333333333,"Individual Value CUSUM+","Total Area"
"585",45,0.333333333333333,"Individual Value CUSUM+","Total Area"
"586",1,0,"Individual Value CUSUM-","Total Area"
"587",2,0,"Individual Value CUSUM-","Total Area"
"588",3,0,"Individual Value CUSUM-","Total Area"
"589",4,0,"Individual Value CUSUM-","Total Area"
"590",5,0,"Individual Value CUSUM-","Total Area"
"591",6,0,"Individual Value CUSUM-","Total Area"
"592",7,0,"Individual Value CUSUM-","Total Area"
"593",8,0,"Individual Value CUSUM-","Total Area"
"594",9,0,"Individual Value CUSUM-","Total Area"
"595",10,0,"Individual Value CUSUM-","Total Area"
"596",11,0,"Individual Value CUSUM-","Total Area"
"597",12,0,"Individual Value CUSUM-","Total Area"
"598",13,0,"Individual Value CUSUM-","Total Area"
"599",14,0,"Individual Value CUSUM-","Total Area"
"600",15,0.166666666666667,"Individual Value CUSUM-","Total Area"
"601",16,0.166666666666667,"Individual Value CUSUM-","Total Area"
"602",17,0.166666666666667,"Individual Value CUSUM-","Total Area"
"603",18,0.166666666666667,"Individual Value CUSUM-","Total Area"
"604",19,0.166666666666667,"Individual Value CUSUM-","Total Area"
"605",20,0.166666666666667,"Individual Value CUSUM-","Total Area"
"606",21,0.166666666666667,"Individual Value CUSUM-","Total Area"
"607",22,0.333333333333333,"Individual Value CUSUM-","Total Area"
"608",23,0.333333333333333,"Individual Value CUSUM-","Total Area"
"609",24,0.333333333333333,"Individual Value CUSUM-","Total Area"
"610",25,0.333333333333333,"Individual Value CUSUM-","Total Area"
"611",26,0.333333333333333,"Individual Value CUSUM-","Total Area"
"612",27,0.333333333333333,"Individual Value CUSUM-","Total Area"
"613",28,0.333333333333333,"Individual Value CUSUM-","Total Area"
"614",29,0.5,"Individual Value CUSUM-","Total Area"
"615",30,0.333333333333333,"Individual Value CUSUM-","Total Area"
"616",31,0.333333333333333,"Individual Value CUSUM-","Total Area"
"617",32,0.333333333333333,"Individual Value CUSUM-","Total Area"
"618",33,0.333333333333333,"Individual Value CUSUM-","Total Area"
"619",34,0.5,"Individual Value CUSUM-","Total Area"
"620",35,0.5,"Individual Value CUSUM-","Total Area"
"621",36,0.5,"Individual Value CUSUM-","Total Area"
"622",37,0.5,"Individual Value CUSUM-","Total Area"
"623",38,0.5,"Individual Value CUSUM-","Total Area"
"624",39,0.5,"Individual Value CUSUM-","Total Area"
"625",40,0.666666666666667,"Individual Value CUSUM-","Total Area"
"626",41,0.666666666666667,"Individual Value CUSUM-","Total Area"
"627",42,0.666666666666667,"Individual Value CUSUM-","Total Area"
"628",43,0.666666666666667,"Individual Value CUSUM-","Total Area"
"629",44,0.666666666666667,"Individual Value CUSUM-","Total Area"
"630",45,0.666666666666667,"Individual Value CUSUM-","Total Area"
"631",1,0,"Moving Range CUSUM+","Total Area"
"632",2,0,"Moving Range CUSUM+","Total Area"
"633",3,0,"Moving Range CUSUM+","Total Area"
"634",4,0,"Moving Range CUSUM+","Total Area"
"635",5,0,"Moving Range CUSUM+","Total Area"
"636",6,0,"Moving Range CUSUM+","Total Area"
"637",7,0,"Moving Range CUSUM+","Total Area"
"638",8,0,"Moving Range CUSUM+","Total Area"
"639",9,0,"Moving Range CUSUM+","Total Area"
"640",10,-0.333333333333333,"Moving Range CUSUM+","Total Area"
"641",11,-0.5,"Moving Range CUSUM+","Total Area"
"642",12,-0.666666666666667,"Moving Range CUSUM+","Total Area"
"643",13,-0.666666666666667,"Moving Range CUSUM+","Total Area"
"644",14,-0.666666666666667,"Moving Range CUSUM+","Total Area"
"645",15,-0.666666666666667,"Moving Range CUSUM+","Total Area"
"646",16,-0.833333333333333,"Moving Range CUSUM+","Total Area"
"647",17,-0.833333333333333,"Moving Range CUSUM+","Total Area"
"648",18,-0.833333333333333,"Moving Range CUSUM+","Total Area"
"649",19,-0.833333333333333,"Moving Range CUSUM+","Total Area"
"650",20,-0.833333333333333,"Moving Range CUSUM+","Total Area"
"651",21,-0.833333333333333,"Moving Range CUSUM+","Total Area"
"652",22,-0.833333333333333,"Moving Range CUSUM+","Total Area"
"653",23,-0.833333333333333,"Moving Range CUSUM+","Total Area"
"654",24,-0.833333333333333,"Moving Range CUSUM+","Total Area"
"655",25,-0.833333333333333,"Moving Range CUSUM+","Total Area"
"656",26,-0.833333333333333,"Moving Range CUSUM+","Total Area"
"657",27,-0.833333333333333,"Moving Range CUSUM+","Total Area"
"658",28,-0.833333333333333,"Moving Range CUSUM+","Total Area"
"659",29,-0.833333333333333,"Moving Range CUSUM+","Total Area"
"660",30,-0.833333333333333,"Moving Range CUSUM+","Total Area"
"661",31,-0.833333333333333,"Moving Range CUSUM+","Total Area"
"662",32,-0.833333333333333,"Moving Range CUSUM+","Total Area"
"663",33,-0.833333333333333,"Moving Range CUSUM+","Total Area"
"664",34,-0.833333333333333,"Moving Range CUSUM+","Total Area"
"665",35,-1,"Moving Range CUSUM+","Total Area"
"666",36,-0.833333333333333,"Moving Range CUSUM+","Total Area"
"667",37,-0.833333333333333,"Moving Range CUSUM+","Total Area"
"668",38,-1,"Moving Range CUSUM+","Total Area"
"669",39,-1,"Moving Range CUSUM+","Total Area"
"670",40,-1,"Moving Range CUSUM+","Total Area"
"671",41,-1,"Moving Range CUSUM+","Total Area"
"672",42,-1,"Moving Range CUSUM+","Total Area"
"673",43,-1,"Moving Range CUSUM+","Total Area"
"674",44,-1,"Moving Range CUSUM+","Total Area"
"675",45,-1,"Moving Range CUSUM+","Total Area"
"676",1,0,"Moving Range CUSUM-","Total Area"
"677",2,0,"Moving Range CUSUM-","Total Area"
"678",3,0,"Moving Range CUSUM-","Total Area"
"679",4,0,"Moving Range CUSUM-","Total Area"
"680",5,0,"Moving Range CUSUM-","Total Area"
"681",6,0,"Moving Range CUSUM-","Total Area"
"682",7,0,"Moving Range CUSUM-","Total Area"
"683",8,0,"Moving Range CUSUM-","Total Area"
"684",9,0,"Moving Range CUSUM-","Total Area"
"685",10,0,"Moving Range CUSUM-","Total Area"
"686",11,0,"Moving Range CUSUM-","Total Area"
"687",12,0,"Moving Range CUSUM-","Total Area"
"688",13,0,"Moving Range CUSUM-","Total Area"
"689",14,0,"Moving Range CUSUM-","Total Area"
"690",15,0,"Moving Range CUSUM-","Total Area"
"691",16,0,"Moving Range CUSUM-","Total Area"
"692",17,0,"Moving Range CUSUM-","Total Area"
"693",18,0,"Moving Range CUSUM-","Total Area"
"694",19,0,"Moving Range CUSUM-","Total Area"
"695",20,0,"Moving Range CUSUM-","Total Area"
"696",21,0,"Moving Range CUSUM-","Total Area"
"697",22,0,"Moving Range CUSUM-","Total Area"
"698",23,0,"Moving Range CUSUM-","Total Area"
"699",24,0,"Moving Range CUSUM-","Total Area"
"700",25,0,"Moving Range CUSUM-","Total Area"
"701",26,0,"Moving Range CUSUM-","Total Area"
"702",27,0,"Moving Range CUSUM-","Total Area"
"703",28,0,"Moving Range CUSUM-","Total Area"
"704",29,0,"Moving Range CUSUM-","Total Area"
"705",30,0,"Moving Range CUSUM-","Total Area"
"706",31,0,"Moving Range CUSUM-","Total Area"
"707",32,0,"Moving Range CUSUM-","Total Area"
"708",33,0,"Moving Range CUSUM-","Total Area"
"709",34,0,"Moving Range CUSUM-","Total Area"
"710",35,0,"Moving Range CUSUM-","Total Area"
"711",36,0,"Moving Range CUSUM-","Total Area"
"712",37,0,"Moving Range CUSUM-","Total Area"
"713",38,0,"Moving Range CUSUM-","Total Area"
"714",39,0,"Moving Range CUSUM-","Total Area"
"715",40,0,"Moving Range CUSUM-","Total Area"
"716",41,0,"Moving Range CUSUM-","Total Area"
"717",42,0,"Moving Range CUSUM-","Total Area"
"718",43,0,"Moving Range CUSUM-","Total Area"
"719",44,0,"Moving Range CUSUM-","Total Area"
"720",45,0,"Moving Range CUSUM-","Total Area"
